GameLevel ,TaskNo,Floor,RoomID,RoomName,Equipment,EquipmentType,HotSpotID,IsActiveZone,Rated Power(W),Voltage(V),Current(mA),Frequency(Hz),No_of_hours,Standby_power (W),Standby_hours,Number_of_fixtureUnits,Diversity_Factor(Reference),BrandName,ModelID,SerialNumber,YearOFManufacture,TemplateImage ,LogoImage,ProductImage1,ProductImage2,InwardGoodsInspectionReportImage,Total flux (Lumens),LuminousEfficacy(lm/w),CCT(oK),CRI,Length(m),Breadth(m),Height(m),SurfaceArea(Sq.m),OperatorID,C_28,C_29,C_30,C_31,C_32,C_33,C_34,C_35,C_36,C_37,C_38,C_39,C_40,C_41,C_42,C_43,C_44,C_45,C_46,C_47,C_48,C_49,C_50,C_51,C_52,C_53,C_54,C_55,C_56,C_57,C_58,C_59,C_60,C_61,C_62,C_63,C_64,C_65,C_66,C_67,C_68,C_69,C_70,C_71,C_72,C_73,C_74,C_75,C_76,C_77,C_78,C_79,C_80,C_81,C_82,C_83,C_84,C_85,C_86,C_87,C_88,C_89,C_90,C_91,C_92,C_93,C_94,C_95,C_96,C_97,C_98,C_99,C_100,EnergyPERday,NoOFdays ,AnnualEnergy 
L1,T11,GF,Z01,Male toilet,Hanging Lights,Lighting,L1_T11_GF_Z01_H001,FALSE,25,250,100,50,8,0,0,2,0.7,Euclase(was phillips),EP101,1,2026,https://drive.google.com/file/d/1KLDQIqGbxwSIGxYGy1JDXW85UE4VeUDy/view?usp=drive_link,https://drive.google.com/file/d/1j9Hh2G_mIM_Pbl6AVD0LV4rIeX09W6rX/view?usp=drive_link,https://phantom-load.in/media/images/Task11/ProductImage1/,https://phantom-load.in/media/images/Task11/ProductImage2/,NA,2800,112,4000,90,NA,NA,NA,NA,NA,NA,NA,NA,NA,NA,NA,NA,NA,NA,NA,NA,NA,NA,NA,NA,NA,NA,NA,NA,NA,NA,NA,NA,NA,NA,NA,NA,NA,NA,NA,NA,NA,NA,NA,NA,NA,NA,NA,NA,NA,NA,NA,NA,NA,NA,NA,NA,NA,NA,NA,NA,NA,NA,NA,NA,NA,NA,NA,NA,NA,NA,NA,NA,NA,NA,NA,NA,NA,NA,NA,NA,NA,NA,280,260,72800
L1,T11,GF,Z01,Male toilet,Can lights,Lighting,L1_T11_GF_Z01_H002,FALSE,5,250,100,50,8,0,0,5,0.7,Euclase,EC101,2,2026,https://drive.google.com/file/d/1KLDQIqGbxwSIGxYGy1JDXW85UE4VeUDy/view?usp=drive_link,https://drive.google.com/file/d/1j9Hh2G_mIM_Pbl6AVD0LV4rIeX09W6rX/view?usp=drive_link,https://phantom-load.in/media/images/Task11/ProductImage1/,https://phantom-load.in/media/images/Task11/ProductImage2/,NA,2800,112,4000,90,NA,NA,NA,NA,NA,NA,NA,NA,NA,NA,NA,NA,NA,NA,NA,NA,NA,NA,NA,NA,NA,NA,NA,NA,NA,NA,NA,NA,NA,NA,NA,NA,NA,NA,NA,NA,NA,NA,NA,NA,NA,NA,NA,NA,NA,NA,NA,NA,NA,NA,NA,NA,NA,NA,NA,NA,NA,NA,NA,NA,NA,NA,NA,NA,NA,NA,NA,NA,NA,NA,NA,NA,NA,NA,NA,NA,NA,NA,140,260,36400
L1,T11,GF,Z02,Meeting room 1,Hanging Lights,Lighting,L1_T11_GF_Z02_H005,FALSE,25,250,100,50,3,0,0,4,0.7,Euclase,EP101,3,2026,https://drive.google.com/file/d/1KLDQIqGbxwSIGxYGy1JDXW85UE4VeUDy/view?usp=drive_link,https://drive.google.com/file/d/1j9Hh2G_mIM_Pbl6AVD0LV4rIeX09W6rX/view?usp=drive_link,https://phantom-load.in/media/images/Task11/ProductImage1/,https://phantom-load.in/media/images/Task11/ProductImage2/,NA,2800,112,4000,90,NA,NA,NA,NA,NA,NA,NA,NA,NA,NA,NA,NA,NA,NA,NA,NA,NA,NA,NA,NA,NA,NA,NA,NA,NA,NA,NA,NA,NA,NA,NA,NA,NA,NA,NA,NA,NA,NA,NA,NA,NA,NA,NA,NA,NA,NA,NA,NA,NA,NA,NA,NA,NA,NA,NA,NA,NA,NA,NA,NA,NA,NA,NA,NA,NA,NA,NA,NA,NA,NA,NA,NA,NA,NA,NA,NA,NA,NA,210,260,54600
L1,T11,GF,Z03,Meeting room 2,Hanging Lights,Lighting,L1_T11_GF_Z03_H008,FALSE,25,250,100,50,3,0,0,4,0.7,Euclase,EP101,4,2026,https://drive.google.com/file/d/1KLDQIqGbxwSIGxYGy1JDXW85UE4VeUDy/view?usp=drive_link,https://drive.google.com/file/d/1j9Hh2G_mIM_Pbl6AVD0LV4rIeX09W6rX/view?usp=drive_link,https://phantom-load.in/media/images/Task11/ProductImage1/,https://phantom-load.in/media/images/Task11/ProductImage2/,NA,2800,112,4000,90,NA,NA,NA,NA,NA,NA,NA,NA,NA,NA,NA,NA,NA,NA,NA,NA,NA,NA,NA,NA,NA,NA,NA,NA,NA,NA,NA,NA,NA,NA,NA,NA,NA,NA,NA,NA,NA,NA,NA,NA,NA,NA,NA,NA,NA,NA,NA,NA,NA,NA,NA,NA,NA,NA,NA,NA,NA,NA,NA,NA,NA,NA,NA,NA,NA,NA,NA,NA,NA,NA,NA,NA,NA,NA,NA,NA,NA,NA,210,260,54600
L1,T11,GF,Z04,Classroom 1,Hanging Lights,Lighting,L1_T11_GF_Z04_H011,FALSE,25,250,100,50,3,0,0,16,0.7,Euclase,EP101,5,2026,https://drive.google.com/file/d/1KLDQIqGbxwSIGxYGy1JDXW85UE4VeUDy/view?usp=drive_link,https://drive.google.com/file/d/1j9Hh2G_mIM_Pbl6AVD0LV4rIeX09W6rX/view?usp=drive_link,https://phantom-load.in/media/images/Task11/ProductImage1/,https://phantom-load.in/media/images/Task11/ProductImage2/,NA,2800,112,4000,90,NA,NA,NA,NA,NA,NA,NA,NA,NA,NA,NA,NA,NA,NA,NA,NA,NA,NA,NA,NA,NA,NA,NA,NA,NA,NA,NA,NA,NA,NA,NA,NA,NA,NA,NA,NA,NA,NA,NA,NA,NA,NA,NA,NA,NA,NA,NA,NA,NA,NA,NA,NA,NA,NA,NA,NA,NA,NA,NA,NA,NA,NA,NA,NA,NA,NA,NA,NA,NA,NA,NA,NA,NA,NA,NA,NA,NA,NA,840,260,218400
L1,T11,GF,Z05,Classroom 2,Hanging Lights,Lighting,L1_T11_GF_Z05_H014,FALSE,25,250,100,50,3,0,0,16,0.7,Euclase,EP101,6,2026,https://drive.google.com/file/d/1KLDQIqGbxwSIGxYGy1JDXW85UE4VeUDy/view?usp=drive_link,https://drive.google.com/file/d/1j9Hh2G_mIM_Pbl6AVD0LV4rIeX09W6rX/view?usp=drive_link,https://phantom-load.in/media/images/Task11/ProductImage1/,https://phantom-load.in/media/images/Task11/ProductImage2/,NA,2800,112,4000,90,NA,NA,NA,NA,NA,NA,NA,NA,NA,NA,NA,NA,NA,NA,NA,NA,NA,NA,NA,NA,NA,NA,NA,NA,NA,NA,NA,NA,NA,NA,NA,NA,NA,NA,NA,NA,NA,NA,NA,NA,NA,NA,NA,NA,NA,NA,NA,NA,NA,NA,NA,NA,NA,NA,NA,NA,NA,NA,NA,NA,NA,NA,NA,NA,NA,NA,NA,NA,NA,NA,NA,NA,NA,NA,NA,NA,NA,NA,840,260,218400
L1,T11,GF,Z06,AHU,Hanging lights,Lighting,L1_T11_GF_Z06_H018,FALSE,25,250,100,50,2,0,0,4,0.7,Euclase,EP101,7,2026,https://drive.google.com/file/d/1KLDQIqGbxwSIGxYGy1JDXW85UE4VeUDy/view?usp=drive_link,https://drive.google.com/file/d/1j9Hh2G_mIM_Pbl6AVD0LV4rIeX09W6rX/view?usp=drive_link,https://phantom-load.in/media/images/Task11/ProductImage1/,https://phantom-load.in/media/images/Task11/ProductImage2/,NA,2800,112,4000,90,NA,NA,NA,NA,NA,NA,NA,NA,NA,NA,NA,NA,NA,NA,NA,NA,NA,NA,NA,NA,NA,NA,NA,NA,NA,NA,NA,NA,NA,NA,NA,NA,NA,NA,NA,NA,NA,NA,NA,NA,NA,NA,NA,NA,NA,NA,NA,NA,NA,NA,NA,NA,NA,NA,NA,NA,NA,NA,NA,NA,NA,NA,NA,NA,NA,NA,NA,NA,NA,NA,NA,NA,NA,NA,NA,NA,NA,NA,140,260,36400
L1,T11,GF,Z07,Corridor,Hanging lights,Lighting,L1_T11_GF_Z07_H019,FALSE,25,250,100,50,18,0,0,4,0.7,Euclase,EP101,8,2026,https://drive.google.com/file/d/1KLDQIqGbxwSIGxYGy1JDXW85UE4VeUDy/view?usp=drive_link,https://drive.google.com/file/d/1j9Hh2G_mIM_Pbl6AVD0LV4rIeX09W6rX/view?usp=drive_link,https://phantom-load.in/media/images/Task11/ProductImage1/,https://phantom-load.in/media/images/Task11/ProductImage2/,NA,2800,112,4000,90,NA,NA,NA,NA,NA,NA,NA,NA,NA,NA,NA,NA,NA,NA,NA,NA,NA,NA,NA,NA,NA,NA,NA,NA,NA,NA,NA,NA,NA,NA,NA,NA,NA,NA,NA,NA,NA,NA,NA,NA,NA,NA,NA,NA,NA,NA,NA,NA,NA,NA,NA,NA,NA,NA,NA,NA,NA,NA,NA,NA,NA,NA,NA,NA,NA,NA,NA,NA,NA,NA,NA,NA,NA,NA,NA,NA,NA,NA,1260,260,327600
L1,T11,GF,Z08,Classroom 3,Hanging lights,Lighting,L1_T11_GF_Z08_H020,FALSE,25,250,100,50,2,0,0,20,0.7,Euclase,EP101,9,2026,https://drive.google.com/file/d/1KLDQIqGbxwSIGxYGy1JDXW85UE4VeUDy/view?usp=drive_link,https://drive.google.com/file/d/1j9Hh2G_mIM_Pbl6AVD0LV4rIeX09W6rX/view?usp=drive_link,https://phantom-load.in/media/images/Task11/ProductImage1/,https://phantom-load.in/media/images/Task11/ProductImage2/,NA,2800,112,4000,90,NA,NA,NA,NA,NA,NA,NA,NA,NA,NA,NA,NA,NA,NA,NA,NA,NA,NA,NA,NA,NA,NA,NA,NA,NA,NA,NA,NA,NA,NA,NA,NA,NA,NA,NA,NA,NA,NA,NA,NA,NA,NA,NA,NA,NA,NA,NA,NA,NA,NA,NA,NA,NA,NA,NA,NA,NA,NA,NA,NA,NA,NA,NA,NA,NA,NA,NA,NA,NA,NA,NA,NA,NA,NA,NA,NA,NA,NA,700,260,182000
L1,T11,GF,Z09,Corridor,Hanging lights,Lighting,L1_T11_GF_Z09_H023,FALSE,25,250,100,50,18,0,0,12,0.3,Euclase,EP101,10,2026,https://drive.google.com/file/d/1KLDQIqGbxwSIGxYGy1JDXW85UE4VeUDy/view?usp=drive_link,https://drive.google.com/file/d/1j9Hh2G_mIM_Pbl6AVD0LV4rIeX09W6rX/view?usp=drive_link,https://phantom-load.in/media/images/Task11/ProductImage1/,https://phantom-load.in/media/images/Task11/ProductImage2/,NA,2800,112,4000,90,NA,NA,NA,NA,NA,NA,NA,NA,NA,NA,NA,NA,NA,NA,NA,NA,NA,NA,NA,NA,NA,NA,NA,NA,NA,NA,NA,NA,NA,NA,NA,NA,NA,NA,NA,NA,NA,NA,NA,NA,NA,NA,NA,NA,NA,NA,NA,NA,NA,NA,NA,NA,NA,NA,NA,NA,NA,NA,NA,NA,NA,NA,NA,NA,NA,NA,NA,NA,NA,NA,NA,NA,NA,NA,NA,NA,NA,NA,1800,260,468000
L1,T11,GF,Z10,Reception area,Hanging lights,Lighting,L1_T11_GF_Z10_H024,TRUE,25,250,100,50,18,0,0,8,0.7,Euclase,EP101,11,2026,https://drive.google.com/file/d/1KLDQIqGbxwSIGxYGy1JDXW85UE4VeUDy/view?usp=drive_link,https://drive.google.com/file/d/1j9Hh2G_mIM_Pbl6AVD0LV4rIeX09W6rX/view?usp=drive_link,https://phantom-load.in/media/images/Task11/ProductImage1/,https://phantom-load.in/media/images/Task11/ProductImage2/,NA,2800,112,4000,90,NA,NA,NA,NA,NA,NA,NA,NA,NA,NA,NA,NA,NA,NA,NA,NA,NA,NA,NA,NA,NA,NA,NA,NA,NA,NA,NA,NA,NA,NA,NA,NA,NA,NA,NA,NA,NA,NA,NA,NA,NA,NA,NA,NA,NA,NA,NA,NA,NA,NA,NA,NA,NA,NA,NA,NA,NA,NA,NA,NA,NA,NA,NA,NA,NA,NA,NA,NA,NA,NA,NA,NA,NA,NA,NA,NA,NA,NA,2520,260,655200
L1,T11,GF,Z11,Storage room,Hanging lights,Lighting,L1_T11_GF_Z11_H026,FALSE,25,250,100,50,2,0,0,8,0.5,Euclase,EP101,12,2026,https://drive.google.com/file/d/1KLDQIqGbxwSIGxYGy1JDXW85UE4VeUDy/view?usp=drive_link,https://drive.google.com/file/d/1j9Hh2G_mIM_Pbl6AVD0LV4rIeX09W6rX/view?usp=drive_link,https://phantom-load.in/media/images/Task11/ProductImage1/,https://phantom-load.in/media/images/Task11/ProductImage2/,NA,2800,112,4000,90,NA,NA,NA,NA,NA,NA,NA,NA,NA,NA,NA,NA,NA,NA,NA,NA,NA,NA,NA,NA,NA,NA,NA,NA,NA,NA,NA,NA,NA,NA,NA,NA,NA,NA,NA,NA,NA,NA,NA,NA,NA,NA,NA,NA,NA,NA,NA,NA,NA,NA,NA,NA,NA,NA,NA,NA,NA,NA,NA,NA,NA,NA,NA,NA,NA,NA,NA,NA,NA,NA,NA,NA,NA,NA,NA,NA,NA,NA,200,260,52000
L1,T11,GF,Z12,Corridor,Hanging lights,Lighting,L1_T11_GF_Z12_H027,FALSE,25,250,100,50,18,0,0,4,1,Euclase,EP101,13,2026,https://drive.google.com/file/d/1KLDQIqGbxwSIGxYGy1JDXW85UE4VeUDy/view?usp=drive_link,https://drive.google.com/file/d/1j9Hh2G_mIM_Pbl6AVD0LV4rIeX09W6rX/view?usp=drive_link,https://phantom-load.in/media/images/Task11/ProductImage1/,https://phantom-load.in/media/images/Task11/ProductImage2/,NA,2800,112,4000,90,NA,NA,NA,NA,NA,NA,NA,NA,NA,NA,NA,NA,NA,NA,NA,NA,NA,NA,NA,NA,NA,NA,NA,NA,NA,NA,NA,NA,NA,NA,NA,NA,NA,NA,NA,NA,NA,NA,NA,NA,NA,NA,NA,NA,NA,NA,NA,NA,NA,NA,NA,NA,NA,NA,NA,NA,NA,NA,NA,NA,NA,NA,NA,NA,NA,NA,NA,NA,NA,NA,NA,NA,NA,NA,NA,NA,NA,NA,1800,260,468000
L1,T11,GF,Z13,Meeting room 3,Hanging lights,Lighting,L1_T11_GF_Z13_H028,FALSE,25,250,100,50,3,0,0,4,0.7,Euclase,EP101,14,2026,https://drive.google.com/file/d/1KLDQIqGbxwSIGxYGy1JDXW85UE4VeUDy/view?usp=drive_link,https://drive.google.com/file/d/1j9Hh2G_mIM_Pbl6AVD0LV4rIeX09W6rX/view?usp=drive_link,https://phantom-load.in/media/images/Task11/ProductImage1/,https://phantom-load.in/media/images/Task11/ProductImage2/,NA,2800,112,4000,90,NA,NA,NA,NA,NA,NA,NA,NA,NA,NA,NA,NA,NA,NA,NA,NA,NA,NA,NA,NA,NA,NA,NA,NA,NA,NA,NA,NA,NA,NA,NA,NA,NA,NA,NA,NA,NA,NA,NA,NA,NA,NA,NA,NA,NA,NA,NA,NA,NA,NA,NA,NA,NA,NA,NA,NA,NA,NA,NA,NA,NA,NA,NA,NA,NA,NA,NA,NA,NA,NA,NA,NA,NA,NA,NA,NA,NA,NA,210,260,54600
L1,T11,GF,Z14,Female toilet,Hanging Lights,Lighting,L1_T11_GF_Z14_H031,FALSE,25,250,100,50,8,0,0,2,0.7,Euclase,EP101,15,2026,https://drive.google.com/file/d/1KLDQIqGbxwSIGxYGy1JDXW85UE4VeUDy/view?usp=drive_link,https://drive.google.com/file/d/1j9Hh2G_mIM_Pbl6AVD0LV4rIeX09W6rX/view?usp=drive_link,https://phantom-load.in/media/images/Task11/ProductImage1/,https://phantom-load.in/media/images/Task11/ProductImage2/,NA,2800,112,4000,90,NA,NA,NA,NA,NA,NA,NA,NA,NA,NA,NA,NA,NA,NA,NA,NA,NA,NA,NA,NA,NA,NA,NA,NA,NA,NA,NA,NA,NA,NA,NA,NA,NA,NA,NA,NA,NA,NA,NA,NA,NA,NA,NA,NA,NA,NA,NA,NA,NA,NA,NA,NA,NA,NA,NA,NA,NA,NA,NA,NA,NA,NA,NA,NA,NA,NA,NA,NA,NA,NA,NA,NA,NA,NA,NA,NA,NA,NA,280,260,72800
L1,T11,GF,Z14,Female toilet,Can lights,Lighting,L1_T11_GF_Z14_H032,FALSE,5,250,100,50,8,0,0,4,0.7,Euclase,EC101,16,2026,https://drive.google.com/file/d/1KLDQIqGbxwSIGxYGy1JDXW85UE4VeUDy/view?usp=drive_link,https://drive.google.com/file/d/1j9Hh2G_mIM_Pbl6AVD0LV4rIeX09W6rX/view?usp=drive_link,https://phantom-load.in/media/images/Task11/ProductImage1/,https://phantom-load.in/media/images/Task11/ProductImage2/,NA,2800,112,4000,90,NA,NA,NA,NA,NA,NA,NA,NA,NA,NA,NA,NA,NA,NA,NA,NA,NA,NA,NA,NA,NA,NA,NA,NA,NA,NA,NA,NA,NA,NA,NA,NA,NA,NA,NA,NA,NA,NA,NA,NA,NA,NA,NA,NA,NA,NA,NA,NA,NA,NA,NA,NA,NA,NA,NA,NA,NA,NA,NA,NA,NA,NA,NA,NA,NA,NA,NA,NA,NA,NA,NA,NA,NA,NA,NA,NA,NA,NA,112,260,29120
L1,T11,GF,Z17,Corridor,Hanging lights,Lighting,L1_T11_GF_Z17_H035,FALSE,25,250,100,50,18,0,0,6,0.7,Euclase,EP101,17,2026,https://drive.google.com/file/d/1KLDQIqGbxwSIGxYGy1JDXW85UE4VeUDy/view?usp=drive_link,https://drive.google.com/file/d/1j9Hh2G_mIM_Pbl6AVD0LV4rIeX09W6rX/view?usp=drive_link,https://phantom-load.in/media/images/Task11/ProductImage1/,https://phantom-load.in/media/images/Task11/ProductImage2/,NA,2800,112,4000,90,NA,NA,NA,NA,NA,NA,NA,NA,NA,NA,NA,NA,NA,NA,NA,NA,NA,NA,NA,NA,NA,NA,NA,NA,NA,NA,NA,NA,NA,NA,NA,NA,NA,NA,NA,NA,NA,NA,NA,NA,NA,NA,NA,NA,NA,NA,NA,NA,NA,NA,NA,NA,NA,NA,NA,NA,NA,NA,NA,NA,NA,NA,NA,NA,NA,NA,NA,NA,NA,NA,NA,NA,NA,NA,NA,NA,NA,NA,1890,260,491400
L1,T11,GF,Z15,Server room,Hanging lights,Lighting,L1_T11_GF_Z15_H041,FALSE,25,250,100,50,12,0,0,4,0.7,Euclase,EP101,18,2026,https://drive.google.com/file/d/1KLDQIqGbxwSIGxYGy1JDXW85UE4VeUDy/view?usp=drive_link,https://drive.google.com/file/d/1j9Hh2G_mIM_Pbl6AVD0LV4rIeX09W6rX/view?usp=drive_link,https://phantom-load.in/media/images/Task11/ProductImage1/,https://phantom-load.in/media/images/Task11/ProductImage2/,NA,2800,112,4000,90,NA,NA,NA,NA,NA,NA,NA,NA,NA,NA,NA,NA,NA,NA,NA,NA,NA,NA,NA,NA,NA,NA,NA,NA,NA,NA,NA,NA,NA,NA,NA,NA,NA,NA,NA,NA,NA,NA,NA,NA,NA,NA,NA,NA,NA,NA,NA,NA,NA,NA,NA,NA,NA,NA,NA,NA,NA,NA,NA,NA,NA,NA,NA,NA,NA,NA,NA,NA,NA,NA,NA,NA,NA,NA,NA,NA,NA,NA,840,260,218400
L1,T11,GF,Z16,Pantry,Hanging lights,Lighting,L1_T11_GF_Z16_H049,FALSE,25,250,100,50,6,0,0,6,0.7,Euclase,EP101,19,2026,https://drive.google.com/file/d/1KLDQIqGbxwSIGxYGy1JDXW85UE4VeUDy/view?usp=drive_link,https://drive.google.com/file/d/1j9Hh2G_mIM_Pbl6AVD0LV4rIeX09W6rX/view?usp=drive_link,https://phantom-load.in/media/images/Task11/ProductImage1/,https://phantom-load.in/media/images/Task11/ProductImage2/,NA,2800,112,4000,90,NA,NA,NA,NA,NA,NA,NA,NA,NA,NA,NA,NA,NA,NA,NA,NA,NA,NA,NA,NA,NA,NA,NA,NA,NA,NA,NA,NA,NA,NA,NA,NA,NA,NA,NA,NA,NA,NA,NA,NA,NA,NA,NA,NA,NA,NA,NA,NA,NA,NA,NA,NA,NA,NA,NA,NA,NA,NA,NA,NA,NA,NA,NA,NA,NA,NA,NA,NA,NA,NA,NA,NA,NA,NA,NA,NA,NA,NA,630,260,163800
L1,T11,GF,Z18,Gym,Hanging Lights,Lighting,L1_T11_GF_Z18_H053,FALSE,25,250,100,50,1,0,0,24,0.7,Euclase,EP101,20,2026,https://drive.google.com/file/d/1KLDQIqGbxwSIGxYGy1JDXW85UE4VeUDy/view?usp=drive_link,https://drive.google.com/file/d/1j9Hh2G_mIM_Pbl6AVD0LV4rIeX09W6rX/view?usp=drive_link,https://phantom-load.in/media/images/Task11/ProductImage1/,https://phantom-load.in/media/images/Task11/ProductImage2/,NA,2800,112,4000,90,NA,NA,NA,NA,NA,NA,NA,NA,NA,NA,NA,NA,NA,NA,NA,NA,NA,NA,NA,NA,NA,NA,NA,NA,NA,NA,NA,NA,NA,NA,NA,NA,NA,NA,NA,NA,NA,NA,NA,NA,NA,NA,NA,NA,NA,NA,NA,NA,NA,NA,NA,NA,NA,NA,NA,NA,NA,NA,NA,NA,NA,NA,NA,NA,NA,NA,NA,NA,NA,NA,NA,NA,NA,NA,NA,NA,NA,NA,420,260,109200
L1,T11,FF,Z01,Male toilet,Hanging Lights,Lighting,L1_T11_FF_Z01_H054,TRUE,25,250,100,50,8,0,0,2,0.7,Euclase,EP101,21,2026,https://drive.google.com/file/d/1KLDQIqGbxwSIGxYGy1JDXW85UE4VeUDy/view?usp=drive_link,https://drive.google.com/file/d/1j9Hh2G_mIM_Pbl6AVD0LV4rIeX09W6rX/view?usp=drive_link,https://phantom-load.in/media/images/Task11/ProductImage1/,https://phantom-load.in/media/images/Task11/ProductImage2/,NA,2800,112,4000,90,NA,NA,NA,NA,FacilityManager,NA,NA,NA,NA,NA,NA,NA,NA,NA,NA,NA,NA,NA,NA,NA,NA,NA,NA,NA,NA,NA,NA,NA,NA,NA,NA,NA,NA,NA,NA,NA,NA,NA,NA,NA,NA,NA,NA,NA,NA,NA,NA,NA,NA,NA,NA,NA,NA,NA,NA,NA,NA,NA,NA,NA,NA,NA,NA,NA,NA,NA,NA,NA,NA,NA,NA,NA,NA,NA,NA,NA,NA,NA,280,260,72800
L1,T11,FF,Z01,Male toilet,Can lights,Lighting,L1_T11_FF_Z01_H055,TRUE,5,250,100,50,8,0,0,5,0.7,Euclase,EC101,22,2026,https://drive.google.com/file/d/1KLDQIqGbxwSIGxYGy1JDXW85UE4VeUDy/view?usp=drive_link,https://drive.google.com/file/d/1j9Hh2G_mIM_Pbl6AVD0LV4rIeX09W6rX/view?usp=drive_link,https://phantom-load.in/media/images/Task11/ProductImage1/,https://phantom-load.in/media/images/Task11/ProductImage2/,NA,2800,112,4000,90,NA,NA,NA,NA,FacilityManager,NA,NA,NA,NA,NA,NA,NA,NA,NA,NA,NA,NA,NA,NA,NA,NA,NA,NA,NA,NA,NA,NA,NA,NA,NA,NA,NA,NA,NA,NA,NA,NA,NA,NA,NA,NA,NA,NA,NA,NA,NA,NA,NA,NA,NA,NA,NA,NA,NA,NA,NA,NA,NA,NA,NA,NA,NA,NA,NA,NA,NA,NA,NA,NA,NA,NA,NA,NA,NA,NA,NA,NA,NA,140,260,36400
L1,T11,FF,Z02 ,Open-plan office,Recessed ceiling panel lights,Lighting,L1_T11_FF_Z02_H058,TRUE,23,250,100,50,16,0,0,16,0.7,Euclase,ES101,23,2026,https://drive.google.com/file/d/1KLDQIqGbxwSIGxYGy1JDXW85UE4VeUDy/view?usp=drive_link,https://drive.google.com/file/d/1j9Hh2G_mIM_Pbl6AVD0LV4rIeX09W6rX/view?usp=drive_link,https://phantom-load.in/media/images/Task11/ProductImage1/,https://phantom-load.in/media/images/Task11/ProductImage2/,NA,2800,122,3000,100,NA,NA,NA,NA,FacilityManager,NA,NA,NA,NA,NA,NA,NA,NA,NA,NA,NA,NA,NA,NA,NA,NA,NA,NA,NA,NA,NA,NA,NA,NA,NA,NA,NA,NA,NA,NA,NA,NA,NA,NA,NA,NA,NA,NA,NA,NA,NA,NA,NA,NA,NA,NA,NA,NA,NA,NA,NA,NA,NA,NA,NA,NA,NA,NA,NA,NA,NA,NA,NA,NA,NA,NA,NA,NA,NA,NA,NA,NA,NA,4121.6,260,1071616
L1,T11,FF,Z04 ,Open-plan office,Recessed ceiling panel lights,Lighting,L1_T11_FF_Z04_H061,TRUE,23,250,100,50,16,0,0,18,0.7,Euclase,ES101,24,2026,https://drive.google.com/file/d/1KLDQIqGbxwSIGxYGy1JDXW85UE4VeUDy/view?usp=drive_link,https://drive.google.com/file/d/1j9Hh2G_mIM_Pbl6AVD0LV4rIeX09W6rX/view?usp=drive_link,https://phantom-load.in/media/images/Task11/ProductImage1/,https://phantom-load.in/media/images/Task11/ProductImage2/,NA,2800,122,3000,100,NA,NA,NA,NA,NA,NA,NA,NA,NA,NA,NA,NA,NA,NA,NA,NA,NA,NA,NA,NA,NA,NA,NA,NA,NA,NA,NA,NA,NA,NA,NA,NA,NA,NA,NA,NA,NA,NA,NA,NA,NA,NA,NA,NA,NA,NA,NA,NA,NA,NA,NA,NA,NA,NA,NA,NA,NA,NA,NA,NA,NA,NA,NA,NA,NA,NA,NA,NA,NA,NA,NA,NA,NA,NA,NA,NA,NA,NA,4636.8,260,1205568
L1,T11,FF,Z06,AHU,Hanging Lights,Lighting,L1_T11_FF_Z06_H065,FALSE,25,250,100,50,1,0,0,4,0.7,Euclase,EP101,25,2026,https://drive.google.com/file/d/1KLDQIqGbxwSIGxYGy1JDXW85UE4VeUDy/view?usp=drive_link,https://drive.google.com/file/d/1j9Hh2G_mIM_Pbl6AVD0LV4rIeX09W6rX/view?usp=drive_link,https://phantom-load.in/media/images/Task11/ProductImage1/,https://phantom-load.in/media/images/Task11/ProductImage2/,NA,2800,112,4000,90,NA,NA,NA,NA,NA,NA,NA,NA,NA,NA,NA,NA,NA,NA,NA,NA,NA,NA,NA,NA,NA,NA,NA,NA,NA,NA,NA,NA,NA,NA,NA,NA,NA,NA,NA,NA,NA,NA,NA,NA,NA,NA,NA,NA,NA,NA,NA,NA,NA,NA,NA,NA,NA,NA,NA,NA,NA,NA,NA,NA,NA,NA,NA,NA,NA,NA,NA,NA,NA,NA,NA,NA,NA,NA,NA,NA,NA,NA,70,260,18200
L1,T11,FF,Z07,Corridor,Hanging lights,Lighting,L1_T11_FF_Z07_H066,FALSE,25,250,100,50,18,0,0,4,0.7,Euclase,EP101,26,2026,https://drive.google.com/file/d/1KLDQIqGbxwSIGxYGy1JDXW85UE4VeUDy/view?usp=drive_link,https://drive.google.com/file/d/1j9Hh2G_mIM_Pbl6AVD0LV4rIeX09W6rX/view?usp=drive_link,https://phantom-load.in/media/images/Task11/ProductImage1/,https://phantom-load.in/media/images/Task11/ProductImage2/,NA,2800,112,4000,90,NA,NA,NA,NA,NA,NA,NA,NA,NA,NA,NA,NA,NA,NA,NA,NA,NA,NA,NA,NA,NA,NA,NA,NA,NA,NA,NA,NA,NA,NA,NA,NA,NA,NA,NA,NA,NA,NA,NA,NA,NA,NA,NA,NA,NA,NA,NA,NA,NA,NA,NA,NA,NA,NA,NA,NA,NA,NA,NA,NA,NA,NA,NA,NA,NA,NA,NA,NA,NA,NA,NA,NA,NA,NA,NA,NA,NA,NA,1260,260,327600
L1,T11,FF,Z08,Cabin,Recessed ceiling panel lights,Lighting,L1_T11_FF_Z08_H067,FALSE,23,250,100,50,12,0,0,1,1,Euclase,ES101,27,2026,https://drive.google.com/file/d/1KLDQIqGbxwSIGxYGy1JDXW85UE4VeUDy/view?usp=drive_link,https://drive.google.com/file/d/1j9Hh2G_mIM_Pbl6AVD0LV4rIeX09W6rX/view?usp=drive_link,https://phantom-load.in/media/images/Task11/ProductImage1/,https://phantom-load.in/media/images/Task11/ProductImage2/,NA,2800,122,3000,100,NA,NA,NA,NA,NA,NA,NA,NA,NA,NA,NA,NA,NA,NA,NA,NA,NA,NA,NA,NA,NA,NA,NA,NA,NA,NA,NA,NA,NA,NA,NA,NA,NA,NA,NA,NA,NA,NA,NA,NA,NA,NA,NA,NA,NA,NA,NA,NA,NA,NA,NA,NA,NA,NA,NA,NA,NA,NA,NA,NA,NA,NA,NA,NA,NA,NA,NA,NA,NA,NA,NA,NA,NA,NA,NA,NA,NA,NA,276,260,71760
L1,T11,FF,Z09,Cabin,Recessed ceiling panel lights,Lighting,L1_T11_FF_Z09_H070,FALSE,23,250,100,50,12,0,0,1,1,Euclase,ES101,28,2026,https://drive.google.com/file/d/1KLDQIqGbxwSIGxYGy1JDXW85UE4VeUDy/view?usp=drive_link,https://drive.google.com/file/d/1j9Hh2G_mIM_Pbl6AVD0LV4rIeX09W6rX/view?usp=drive_link,https://phantom-load.in/media/images/Task11/ProductImage1/,https://phantom-load.in/media/images/Task11/ProductImage2/,NA,2800,122,3000,100,NA,NA,NA,NA,NA,NA,NA,NA,NA,NA,NA,NA,NA,NA,NA,NA,NA,NA,NA,NA,NA,NA,NA,NA,NA,NA,NA,NA,NA,NA,NA,NA,NA,NA,NA,NA,NA,NA,NA,NA,NA,NA,NA,NA,NA,NA,NA,NA,NA,NA,NA,NA,NA,NA,NA,NA,NA,NA,NA,NA,NA,NA,NA,NA,NA,NA,NA,NA,NA,NA,NA,NA,NA,NA,NA,NA,NA,NA,276,260,71760
L1,T11,FF,Z10,Cabin,Recessed ceiling panel lights,Lighting,L1_T11_FF_Z10_H073,FALSE,23,250,100,50,12,0,0,1,1,Euclase,ES101,29,2026,https://drive.google.com/file/d/1KLDQIqGbxwSIGxYGy1JDXW85UE4VeUDy/view?usp=drive_link,https://drive.google.com/file/d/1j9Hh2G_mIM_Pbl6AVD0LV4rIeX09W6rX/view?usp=drive_link,https://phantom-load.in/media/images/Task11/ProductImage1/,https://phantom-load.in/media/images/Task11/ProductImage2/,NA,2800,122,3000,100,NA,NA,NA,NA,NA,NA,NA,NA,NA,NA,NA,NA,NA,NA,NA,NA,NA,NA,NA,NA,NA,NA,NA,NA,NA,NA,NA,NA,NA,NA,NA,NA,NA,NA,NA,NA,NA,NA,NA,NA,NA,NA,NA,NA,NA,NA,NA,NA,NA,NA,NA,NA,NA,NA,NA,NA,NA,NA,NA,NA,NA,NA,NA,NA,NA,NA,NA,NA,NA,NA,NA,NA,NA,NA,NA,NA,NA,NA,276,260,71760
L1,T11,FF,Z11,Elevator,Hanging lights,Lighting,L1_T11_FF_Z11_H076,FALSE,25,250,100,50,2,0,0,4,1,Euclase,EP101,30,2026,https://drive.google.com/file/d/1KLDQIqGbxwSIGxYGy1JDXW85UE4VeUDy/view?usp=drive_link,https://drive.google.com/file/d/1j9Hh2G_mIM_Pbl6AVD0LV4rIeX09W6rX/view?usp=drive_link,https://phantom-load.in/media/images/Task11/ProductImage1/,https://phantom-load.in/media/images/Task11/ProductImage2/,NA,2800,112,4000,90,NA,NA,NA,NA,NA,NA,NA,NA,NA,NA,NA,NA,NA,NA,NA,NA,NA,NA,NA,NA,NA,NA,NA,NA,NA,NA,NA,NA,NA,NA,NA,NA,NA,NA,NA,NA,NA,NA,NA,NA,NA,NA,NA,NA,NA,NA,NA,NA,NA,NA,NA,NA,NA,NA,NA,NA,NA,NA,NA,NA,NA,NA,NA,NA,NA,NA,NA,NA,NA,NA,NA,NA,NA,NA,NA,NA,NA,NA,200,260,52000
L1,T11,FF,Z11,Elevator,Staircase can lights,Lighting,L1_T11_FF_Z11_H078,FALSE,5,250,100,50,0,0,0,2,1,Euclase,,31,2026,https://drive.google.com/file/d/1KLDQIqGbxwSIGxYGy1JDXW85UE4VeUDy/view?usp=drive_link,https://drive.google.com/file/d/1j9Hh2G_mIM_Pbl6AVD0LV4rIeX09W6rX/view?usp=drive_link,https://phantom-load.in/media/images/Task11/ProductImage1/,https://phantom-load.in/media/images/Task11/ProductImage2/,NA,2800,112,4000,90,NA,NA,NA,NA,NA,NA,NA,NA,NA,NA,NA,NA,NA,NA,NA,NA,NA,NA,NA,NA,NA,NA,NA,NA,NA,NA,NA,NA,NA,NA,NA,NA,NA,NA,NA,NA,NA,NA,NA,NA,NA,NA,NA,NA,NA,NA,NA,NA,NA,NA,NA,NA,NA,NA,NA,NA,NA,NA,NA,NA,NA,NA,NA,NA,NA,NA,NA,NA,NA,NA,NA,NA,NA,NA,NA,NA,NA,NA,,,
L1,T11,FF,Z12,Cabin,Recessed ceiling panel lights,Lighting,L1_T11_FF_Z12_H079,FALSE,23,250,100,50,12,0,0,1,1,Euclase,ES101,32,2026,https://drive.google.com/file/d/1KLDQIqGbxwSIGxYGy1JDXW85UE4VeUDy/view?usp=drive_link,https://drive.google.com/file/d/1j9Hh2G_mIM_Pbl6AVD0LV4rIeX09W6rX/view?usp=drive_link,https://phantom-load.in/media/images/Task11/ProductImage1/,https://phantom-load.in/media/images/Task11/ProductImage2/,NA,2800,122,3000,100,NA,NA,NA,NA,NA,NA,NA,NA,NA,NA,NA,NA,NA,NA,NA,NA,NA,NA,NA,NA,NA,NA,NA,NA,NA,NA,NA,NA,NA,NA,NA,NA,NA,NA,NA,NA,NA,NA,NA,NA,NA,NA,NA,NA,NA,NA,NA,NA,NA,NA,NA,NA,NA,NA,NA,NA,NA,NA,NA,NA,NA,NA,NA,NA,NA,NA,NA,NA,NA,NA,NA,NA,NA,NA,NA,NA,NA,NA,276,260,71760
L1,T11,FF,Z13,Cabin,Recessed ceiling panel lights,Lighting,L1_T11_FF_Z13_H082,FALSE,23,250,100,50,12,0,0,1,1,Euclase,ES101,33,2026,https://drive.google.com/file/d/1KLDQIqGbxwSIGxYGy1JDXW85UE4VeUDy/view?usp=drive_link,https://drive.google.com/file/d/1j9Hh2G_mIM_Pbl6AVD0LV4rIeX09W6rX/view?usp=drive_link,https://phantom-load.in/media/images/Task11/ProductImage1/,https://phantom-load.in/media/images/Task11/ProductImage2/,NA,2800,122,3000,100,NA,NA,NA,NA,NA,NA,NA,NA,NA,NA,NA,NA,NA,NA,NA,NA,NA,NA,NA,NA,NA,NA,NA,NA,NA,NA,NA,NA,NA,NA,NA,NA,NA,NA,NA,NA,NA,NA,NA,NA,NA,NA,NA,NA,NA,NA,NA,NA,NA,NA,NA,NA,NA,NA,NA,NA,NA,NA,NA,NA,NA,NA,NA,NA,NA,NA,NA,NA,NA,NA,NA,NA,NA,NA,NA,NA,NA,NA,276,260,71760
L1,T11,FF,Z14,Cabin,Recessed ceiling panel lights,Lighting,L1_T11_FF_Z14_H085,FALSE,23,250,100,50,12,0,0,1,1,Euclase,ES101,34,2026,https://drive.google.com/file/d/1KLDQIqGbxwSIGxYGy1JDXW85UE4VeUDy/view?usp=drive_link,https://drive.google.com/file/d/1j9Hh2G_mIM_Pbl6AVD0LV4rIeX09W6rX/view?usp=drive_link,https://phantom-load.in/media/images/Task11/ProductImage1/,https://phantom-load.in/media/images/Task11/ProductImage2/,NA,2800,122,3000,100,NA,NA,NA,NA,NA,NA,NA,NA,NA,NA,NA,NA,NA,NA,NA,NA,NA,NA,NA,NA,NA,NA,NA,NA,NA,NA,NA,NA,NA,NA,NA,NA,NA,NA,NA,NA,NA,NA,NA,NA,NA,NA,NA,NA,NA,NA,NA,NA,NA,NA,NA,NA,NA,NA,NA,NA,NA,NA,NA,NA,NA,NA,NA,NA,NA,NA,NA,NA,NA,NA,NA,NA,NA,NA,NA,NA,NA,NA,276,260,71760
L1,T11,FF,Z15,Corridor,Hanging lights,Lighting,L1_T11_FF_Z15_H088,FALSE,25,250,100,50,18,0,0,4,0.7,Euclase,EP101,35,2026,https://drive.google.com/file/d/1KLDQIqGbxwSIGxYGy1JDXW85UE4VeUDy/view?usp=drive_link,https://drive.google.com/file/d/1j9Hh2G_mIM_Pbl6AVD0LV4rIeX09W6rX/view?usp=drive_link,https://phantom-load.in/media/images/Task11/ProductImage1/,https://phantom-load.in/media/images/Task11/ProductImage2/,NA,2800,112,4000,90,NA,NA,NA,NA,NA,NA,NA,NA,NA,NA,NA,NA,NA,NA,NA,NA,NA,NA,NA,NA,NA,NA,NA,NA,NA,NA,NA,NA,NA,NA,NA,NA,NA,NA,NA,NA,NA,NA,NA,NA,NA,NA,NA,NA,NA,NA,NA,NA,NA,NA,NA,NA,NA,NA,NA,NA,NA,NA,NA,NA,NA,NA,NA,NA,NA,NA,NA,NA,NA,NA,NA,NA,NA,NA,NA,NA,NA,NA,1260,260,327600
L1,T11,FF,Z16,Meeting room 3,Hanging lights,Lighting,L1_T11_FF_Z16_H089,FALSE,25,250,100,50,4,0,0,4,0.7,Euclase,EP101,36,2026,https://drive.google.com/file/d/1KLDQIqGbxwSIGxYGy1JDXW85UE4VeUDy/view?usp=drive_link,https://drive.google.com/file/d/1j9Hh2G_mIM_Pbl6AVD0LV4rIeX09W6rX/view?usp=drive_link,https://phantom-load.in/media/images/Task11/ProductImage1/,https://phantom-load.in/media/images/Task11/ProductImage2/,NA,2800,112,4000,90,NA,NA,NA,NA,NA,NA,NA,NA,NA,NA,NA,NA,NA,NA,NA,NA,NA,NA,NA,NA,NA,NA,NA,NA,NA,NA,NA,NA,NA,NA,NA,NA,NA,NA,NA,NA,NA,NA,NA,NA,NA,NA,NA,NA,NA,NA,NA,NA,NA,NA,NA,NA,NA,NA,NA,NA,NA,NA,NA,NA,NA,NA,NA,NA,NA,NA,NA,NA,NA,NA,NA,NA,NA,NA,NA,NA,NA,NA,280,260,72800
L1,T11,FF,Z17,Cabin,Recessed ceiling panel lights,Lighting,L1_T11_FF_Z17_H092,FALSE,23,250,100,50,12,0,0,1,1,Euclase,ES101,37,2026,https://drive.google.com/file/d/1KLDQIqGbxwSIGxYGy1JDXW85UE4VeUDy/view?usp=drive_link,https://drive.google.com/file/d/1j9Hh2G_mIM_Pbl6AVD0LV4rIeX09W6rX/view?usp=drive_link,https://phantom-load.in/media/images/Task11/ProductImage1/,https://phantom-load.in/media/images/Task11/ProductImage2/,NA,2800,122,3000,100,NA,NA,NA,NA,NA,NA,NA,NA,NA,NA,NA,NA,NA,NA,NA,NA,NA,NA,NA,NA,NA,NA,NA,NA,NA,NA,NA,NA,NA,NA,NA,NA,NA,NA,NA,NA,NA,NA,NA,NA,NA,NA,NA,NA,NA,NA,NA,NA,NA,NA,NA,NA,NA,NA,NA,NA,NA,NA,NA,NA,NA,NA,NA,NA,NA,NA,NA,NA,NA,NA,NA,NA,NA,NA,NA,NA,NA,NA,276,260,71760
L1,T11,FF,Z18,Cabin,Recessed ceiling panel lights,Lighting,L1_T11_FF_Z18_H095,FALSE,23,250,100,50,12,0,0,1,1,Euclase,ES101,38,2026,https://drive.google.com/file/d/1KLDQIqGbxwSIGxYGy1JDXW85UE4VeUDy/view?usp=drive_link,https://drive.google.com/file/d/1j9Hh2G_mIM_Pbl6AVD0LV4rIeX09W6rX/view?usp=drive_link,https://phantom-load.in/media/images/Task11/ProductImage1/,https://phantom-load.in/media/images/Task11/ProductImage2/,NA,2800,122,3000,100,NA,NA,NA,NA,NA,NA,NA,NA,NA,NA,NA,NA,NA,NA,NA,NA,NA,NA,NA,NA,NA,NA,NA,NA,NA,NA,NA,NA,NA,NA,NA,NA,NA,NA,NA,NA,NA,NA,NA,NA,NA,NA,NA,NA,NA,NA,NA,NA,NA,NA,NA,NA,NA,NA,NA,NA,NA,NA,NA,NA,NA,NA,NA,NA,NA,NA,NA,NA,NA,NA,NA,NA,NA,NA,NA,NA,NA,NA,276,260,71760
L1,T11,FF,Z19,Cabin,Recessed ceiling panel lights,Lighting,L1_T11_FF_Z19_H098,FALSE,23,250,100,50,12,0,0,1,1,Euclase,ES101,39,2026,https://drive.google.com/file/d/1KLDQIqGbxwSIGxYGy1JDXW85UE4VeUDy/view?usp=drive_link,https://drive.google.com/file/d/1j9Hh2G_mIM_Pbl6AVD0LV4rIeX09W6rX/view?usp=drive_link,https://phantom-load.in/media/images/Task11/ProductImage1/,https://phantom-load.in/media/images/Task11/ProductImage2/,NA,2800,122,3000,100,NA,NA,NA,NA,NA,NA,NA,NA,NA,NA,NA,NA,NA,NA,NA,NA,NA,NA,NA,NA,NA,NA,NA,NA,NA,NA,NA,NA,NA,NA,NA,NA,NA,NA,NA,NA,NA,NA,NA,NA,NA,NA,NA,NA,NA,NA,NA,NA,NA,NA,NA,NA,NA,NA,NA,NA,NA,NA,NA,NA,NA,NA,NA,NA,NA,NA,NA,NA,NA,NA,NA,NA,NA,NA,NA,NA,NA,NA,276,260,71760
L1,T11,FF,Z20,Cabin,Recessed ceiling panel lights,Lighting,L1_T11_FF_Z20_H101,FALSE,23,250,100,50,12,0,0,1,1,Euclase,ES101,40,2026,https://drive.google.com/file/d/1KLDQIqGbxwSIGxYGy1JDXW85UE4VeUDy/view?usp=drive_link,https://drive.google.com/file/d/1j9Hh2G_mIM_Pbl6AVD0LV4rIeX09W6rX/view?usp=drive_link,https://phantom-load.in/media/images/Task11/ProductImage1/,https://phantom-load.in/media/images/Task11/ProductImage2/,NA,2800,122,3000,100,NA,NA,NA,NA,NA,NA,NA,NA,NA,NA,NA,NA,NA,NA,NA,NA,NA,NA,NA,NA,NA,NA,NA,NA,NA,NA,NA,NA,NA,NA,NA,NA,NA,NA,NA,NA,NA,NA,NA,NA,NA,NA,NA,NA,NA,NA,NA,NA,NA,NA,NA,NA,NA,NA,NA,NA,NA,NA,NA,NA,NA,NA,NA,NA,NA,NA,NA,NA,NA,NA,NA,NA,NA,NA,NA,NA,NA,NA,276,260,71760
L1,T11,FF,Z21,Cabin,Recessed ceiling panel lights,Lighting,L1_T11_FF_Z21_H104,FALSE,23,250,100,50,12,0,0,1,1,Euclase,ES101,41,2026,https://drive.google.com/file/d/1KLDQIqGbxwSIGxYGy1JDXW85UE4VeUDy/view?usp=drive_link,https://drive.google.com/file/d/1j9Hh2G_mIM_Pbl6AVD0LV4rIeX09W6rX/view?usp=drive_link,https://phantom-load.in/media/images/Task11/ProductImage1/,https://phantom-load.in/media/images/Task11/ProductImage2/,NA,2800,122,3000,100,NA,NA,NA,NA,NA,NA,NA,NA,NA,NA,NA,NA,NA,NA,NA,NA,NA,NA,NA,NA,NA,NA,NA,NA,NA,NA,NA,NA,NA,NA,NA,NA,NA,NA,NA,NA,NA,NA,NA,NA,NA,NA,NA,NA,NA,NA,NA,NA,NA,NA,NA,NA,NA,NA,NA,NA,NA,NA,NA,NA,NA,NA,NA,NA,NA,NA,NA,NA,NA,NA,NA,NA,NA,NA,NA,NA,NA,NA,276,260,71760
L1,T11,FF,Z22,Cabin,Recessed ceiling panel lights,Lighting,L1_T11_FF_Z22_H107,FALSE,23,250,100,50,12,0,0,1,1,Euclase,ES101,42,2026,https://drive.google.com/file/d/1KLDQIqGbxwSIGxYGy1JDXW85UE4VeUDy/view?usp=drive_link,https://drive.google.com/file/d/1j9Hh2G_mIM_Pbl6AVD0LV4rIeX09W6rX/view?usp=drive_link,https://phantom-load.in/media/images/Task11/ProductImage1/,https://phantom-load.in/media/images/Task11/ProductImage2/,NA,2800,122,3000,100,NA,NA,NA,NA,NA,NA,NA,NA,NA,NA,NA,NA,NA,NA,NA,NA,NA,NA,NA,NA,NA,NA,NA,NA,NA,NA,NA,NA,NA,NA,NA,NA,NA,NA,NA,NA,NA,NA,NA,NA,NA,NA,NA,NA,NA,NA,NA,NA,NA,NA,NA,NA,NA,NA,NA,NA,NA,NA,NA,NA,NA,NA,NA,NA,NA,NA,NA,NA,NA,NA,NA,NA,NA,NA,NA,NA,NA,NA,276,260,71760
L1,T11,FF,Z23 ,Open-plan office,Recessed ceiling panel lights,Lighting,L1_T11_FF_Z23_H110,TRUE,23,250,100,50,16,0,0,20,1,Euclase,ES101,43,2026,https://drive.google.com/file/d/1KLDQIqGbxwSIGxYGy1JDXW85UE4VeUDy/view?usp=drive_link,https://drive.google.com/file/d/1j9Hh2G_mIM_Pbl6AVD0LV4rIeX09W6rX/view?usp=drive_link,https://phantom-load.in/media/images/Task11/ProductImage1/,https://phantom-load.in/media/images/Task11/ProductImage2/,NA,2800,122,3000,100,NA,NA,NA,NA,NA,NA,NA,NA,NA,NA,NA,NA,NA,NA,NA,NA,NA,NA,NA,NA,NA,NA,NA,NA,NA,NA,NA,NA,NA,NA,NA,NA,NA,NA,NA,NA,NA,NA,NA,NA,NA,NA,NA,NA,NA,NA,NA,NA,NA,NA,NA,NA,NA,NA,NA,NA,NA,NA,NA,NA,NA,NA,NA,NA,NA,NA,NA,NA,NA,NA,NA,NA,NA,NA,NA,NA,NA,NA,7360,260,1913600
L1,T11,FF,Z25 ,Open-plan office,Recessed ceiling panel lights,Lighting,L1_T11_FF_Z25_H113,TRUE,23,250,100,50,16,0,0,16,1,Euclase,ES101,44,2026,https://drive.google.com/file/d/1KLDQIqGbxwSIGxYGy1JDXW85UE4VeUDy/view?usp=drive_link,https://drive.google.com/file/d/1j9Hh2G_mIM_Pbl6AVD0LV4rIeX09W6rX/view?usp=drive_link,https://phantom-load.in/media/images/Task11/ProductImage1/,https://phantom-load.in/media/images/Task11/ProductImage2/,NA,2800,122,3000,100,NA,NA,NA,NA,NA,NA,NA,NA,NA,NA,NA,NA,NA,NA,NA,NA,NA,NA,NA,NA,NA,NA,NA,NA,NA,NA,NA,NA,NA,NA,NA,NA,NA,NA,NA,NA,NA,NA,NA,NA,NA,NA,NA,NA,NA,NA,NA,NA,NA,NA,NA,NA,NA,NA,NA,NA,NA,NA,NA,NA,NA,NA,NA,NA,NA,NA,NA,NA,NA,NA,NA,NA,NA,NA,NA,NA,NA,NA,5888,260,1530880
L1,T11,FF,Z27,Female toilet,Hanging Lights,Lighting,L1_T11_FF_Z27_H116,TRUE,25,250,100,50,8,0,0,4,0.7,Euclase,EP101,45,2026,https://drive.google.com/file/d/1KLDQIqGbxwSIGxYGy1JDXW85UE4VeUDy/view?usp=drive_link,https://drive.google.com/file/d/1j9Hh2G_mIM_Pbl6AVD0LV4rIeX09W6rX/view?usp=drive_link,https://phantom-load.in/media/images/Task11/ProductImage1/,https://phantom-load.in/media/images/Task11/ProductImage2/,NA,2800,112,4000,90,NA,NA,NA,NA,NA,NA,NA,NA,NA,NA,NA,NA,NA,NA,NA,NA,NA,NA,NA,NA,NA,NA,NA,NA,NA,NA,NA,NA,NA,NA,NA,NA,NA,NA,NA,NA,NA,NA,NA,NA,NA,NA,NA,NA,NA,NA,NA,NA,NA,NA,NA,NA,NA,NA,NA,NA,NA,NA,NA,NA,NA,NA,NA,NA,NA,NA,NA,NA,NA,NA,NA,NA,NA,NA,NA,NA,NA,NA,560,260,145600
L1,T11,FF,Z27,Female toilet,Can lights,Lighting,L1_T11_FF_Z27_H117,TRUE,5,250,100,50,1,0,0,4,0.7,Euclase,EC101,46,2026,https://drive.google.com/file/d/1KLDQIqGbxwSIGxYGy1JDXW85UE4VeUDy/view?usp=drive_link,https://drive.google.com/file/d/1j9Hh2G_mIM_Pbl6AVD0LV4rIeX09W6rX/view?usp=drive_link,https://phantom-load.in/media/images/Task11/ProductImage1/,https://phantom-load.in/media/images/Task11/ProductImage2/,NA,2800,112,4000,90,NA,NA,NA,NA,NA,NA,NA,NA,NA,NA,NA,NA,NA,NA,NA,NA,NA,NA,NA,NA,NA,NA,NA,NA,NA,NA,NA,NA,NA,NA,NA,NA,NA,NA,NA,NA,NA,NA,NA,NA,NA,NA,NA,NA,NA,NA,NA,NA,NA,NA,NA,NA,NA,NA,NA,NA,NA,NA,NA,NA,NA,NA,NA,NA,NA,NA,NA,NA,NA,NA,NA,NA,NA,NA,NA,NA,NA,NA,14,260,3640
L1,T11,SF,Z01,Male toilet,Hanging Lights,Lighting,L1_T11_SF_Z01_H120,TRUE,25,250,100,50,8,0,0,2,0.7,Euclase,EP101,47,2026,https://drive.google.com/file/d/1KLDQIqGbxwSIGxYGy1JDXW85UE4VeUDy/view?usp=drive_link,https://drive.google.com/file/d/1j9Hh2G_mIM_Pbl6AVD0LV4rIeX09W6rX/view?usp=drive_link,https://phantom-load.in/media/images/Task11/ProductImage1/,https://phantom-load.in/media/images/Task11/ProductImage2/,NA,2800,112,4000,90,NA,NA,NA,NA,NA,NA,NA,NA,NA,NA,NA,NA,NA,NA,NA,NA,NA,NA,NA,NA,NA,NA,NA,NA,NA,NA,NA,NA,NA,NA,NA,NA,NA,NA,NA,NA,NA,NA,NA,NA,NA,NA,NA,NA,NA,NA,NA,NA,NA,NA,NA,NA,NA,NA,NA,NA,NA,NA,NA,NA,NA,NA,NA,NA,NA,NA,NA,NA,NA,NA,NA,NA,NA,NA,NA,NA,NA,NA,280,260,72800
L1,T11,SF,Z01,Male toilet,Can lights,Lighting,L1_T11_SF_Z01_H121,TRUE,5,250,100,50,1,0,0,5,0.7,Euclase,EC101,48,2026,https://drive.google.com/file/d/1KLDQIqGbxwSIGxYGy1JDXW85UE4VeUDy/view?usp=drive_link,https://drive.google.com/file/d/1j9Hh2G_mIM_Pbl6AVD0LV4rIeX09W6rX/view?usp=drive_link,https://phantom-load.in/media/images/Task11/ProductImage1/,https://phantom-load.in/media/images/Task11/ProductImage2/,NA,2800,112,4000,90,NA,NA,NA,NA,NA,NA,NA,NA,NA,NA,NA,NA,NA,NA,NA,NA,NA,NA,NA,NA,NA,NA,NA,NA,NA,NA,NA,NA,NA,NA,NA,NA,NA,NA,NA,NA,NA,NA,NA,NA,NA,NA,NA,NA,NA,NA,NA,NA,NA,NA,NA,NA,NA,NA,NA,NA,NA,NA,NA,NA,NA,NA,NA,NA,NA,NA,NA,NA,NA,NA,NA,NA,NA,NA,NA,NA,NA,NA,17.5,260,4550
L1,T11,SF,Z02 ,Open-plan office,Hanging Lights,Lighting,L1_T11_SF_Z02_H124,TRUE,25,250,100,50,16,0,0,10,0.7,Euclase,EP101,49,2026,https://drive.google.com/file/d/1KLDQIqGbxwSIGxYGy1JDXW85UE4VeUDy/view?usp=drive_link,https://drive.google.com/file/d/1j9Hh2G_mIM_Pbl6AVD0LV4rIeX09W6rX/view?usp=drive_link,https://phantom-load.in/media/images/Task11/ProductImage1/,https://phantom-load.in/media/images/Task11/ProductImage2/,NA,2800,112,4000,90,NA,NA,NA,NA,NA,NA,NA,NA,NA,NA,NA,NA,NA,NA,NA,NA,NA,NA,NA,NA,NA,NA,NA,NA,NA,NA,NA,NA,NA,NA,NA,NA,NA,NA,NA,NA,NA,NA,NA,NA,NA,NA,NA,NA,NA,NA,NA,NA,NA,NA,NA,NA,NA,NA,NA,NA,NA,NA,NA,NA,NA,NA,NA,NA,NA,NA,NA,NA,NA,NA,NA,NA,NA,NA,NA,NA,NA,NA,2800,260,728000
L1,T11,SF,Z04 ,Open-plan office,Hanging Lights,Lighting,L1_T11_SF_Z04_H127,FALSE,25,250,100,50,16,0,0,24,0.7,Euclase,EP101,50,2026,https://drive.google.com/file/d/1KLDQIqGbxwSIGxYGy1JDXW85UE4VeUDy/view?usp=drive_link,https://drive.google.com/file/d/1j9Hh2G_mIM_Pbl6AVD0LV4rIeX09W6rX/view?usp=drive_link,https://phantom-load.in/media/images/Task11/ProductImage1/,https://phantom-load.in/media/images/Task11/ProductImage2/,NA,2800,112,4000,90,NA,NA,NA,NA,NA,NA,NA,NA,NA,NA,NA,NA,NA,NA,NA,NA,NA,NA,NA,NA,NA,NA,NA,NA,NA,NA,NA,NA,NA,NA,NA,NA,NA,NA,NA,NA,NA,NA,NA,NA,NA,NA,NA,NA,NA,NA,NA,NA,NA,NA,NA,NA,NA,NA,NA,NA,NA,NA,NA,NA,NA,NA,NA,NA,NA,NA,NA,NA,NA,NA,NA,NA,NA,NA,NA,NA,NA,NA,6720,260,1747200
L1,T11,SF,Z06,AHU,Hanging Lights,Lighting,L1_T11_SF_Z06_H131,FALSE,25,250,100,50,1,0,0,4,0.7,Euclase,EP101,51,2026,https://drive.google.com/file/d/1KLDQIqGbxwSIGxYGy1JDXW85UE4VeUDy/view?usp=drive_link,https://drive.google.com/file/d/1j9Hh2G_mIM_Pbl6AVD0LV4rIeX09W6rX/view?usp=drive_link,https://phantom-load.in/media/images/Task11/ProductImage1/,https://phantom-load.in/media/images/Task11/ProductImage2/,NA,2800,112,4000,90,NA,NA,NA,NA,NA,NA,NA,NA,NA,NA,NA,NA,NA,NA,NA,NA,NA,NA,NA,NA,NA,NA,NA,NA,NA,NA,NA,NA,NA,NA,NA,NA,NA,NA,NA,NA,NA,NA,NA,NA,NA,NA,NA,NA,NA,NA,NA,NA,NA,NA,NA,NA,NA,NA,NA,NA,NA,NA,NA,NA,NA,NA,NA,NA,NA,NA,NA,NA,NA,NA,NA,NA,NA,NA,NA,NA,NA,NA,70,260,18200
L1,T11,SF,Z07,Corridor,Hanging lights,Lighting,L1_T11_SF_Z07_H132,FALSE,25,250,100,50,18,0,0,4,0.7,Euclase,EP101,52,2026,https://drive.google.com/file/d/1KLDQIqGbxwSIGxYGy1JDXW85UE4VeUDy/view?usp=drive_link,https://drive.google.com/file/d/1j9Hh2G_mIM_Pbl6AVD0LV4rIeX09W6rX/view?usp=drive_link,https://phantom-load.in/media/images/Task11/ProductImage1/,https://phantom-load.in/media/images/Task11/ProductImage2/,NA,2800,112,4000,90,NA,NA,NA,NA,NA,NA,NA,NA,NA,NA,NA,NA,NA,NA,NA,NA,NA,NA,NA,NA,NA,NA,NA,NA,NA,NA,NA,NA,NA,NA,NA,NA,NA,NA,NA,NA,NA,NA,NA,NA,NA,NA,NA,NA,NA,NA,NA,NA,NA,NA,NA,NA,NA,NA,NA,NA,NA,NA,NA,NA,NA,NA,NA,NA,NA,NA,NA,NA,NA,NA,NA,NA,NA,NA,NA,NA,NA,NA,1260,260,327600
L1,T11,SF,Z08,Cabin,Hanging Lights,Lighting,L1_T11_SF_Z08_H133,FALSE,25,250,100,50,12,0,0,2,0.8,Euclase,EP101,53,2026,https://drive.google.com/file/d/1KLDQIqGbxwSIGxYGy1JDXW85UE4VeUDy/view?usp=drive_link,https://drive.google.com/file/d/1j9Hh2G_mIM_Pbl6AVD0LV4rIeX09W6rX/view?usp=drive_link,https://phantom-load.in/media/images/Task11/ProductImage1/,https://phantom-load.in/media/images/Task11/ProductImage2/,NA,2800,112,4000,90,NA,NA,NA,NA,NA,NA,NA,NA,NA,NA,NA,NA,NA,NA,NA,NA,NA,NA,NA,NA,NA,NA,NA,NA,NA,NA,NA,NA,NA,NA,NA,NA,NA,NA,NA,NA,NA,NA,NA,NA,NA,NA,NA,NA,NA,NA,NA,NA,NA,NA,NA,NA,NA,NA,NA,NA,NA,NA,NA,NA,NA,NA,NA,NA,NA,NA,NA,NA,NA,NA,NA,NA,NA,NA,NA,NA,NA,NA,480,260,124800
L1,T11,SF,Z09,Cabin,Hanging Lights,Lighting,L1_T11_SF_Z09_H136,FALSE,25,250,100,50,12,0,0,2,0.8,Euclase,EP101,54,2026,https://drive.google.com/file/d/1KLDQIqGbxwSIGxYGy1JDXW85UE4VeUDy/view?usp=drive_link,https://drive.google.com/file/d/1j9Hh2G_mIM_Pbl6AVD0LV4rIeX09W6rX/view?usp=drive_link,https://phantom-load.in/media/images/Task11/ProductImage1/,https://phantom-load.in/media/images/Task11/ProductImage2/,NA,2800,112,4000,90,NA,NA,NA,NA,NA,NA,NA,NA,NA,NA,NA,NA,NA,NA,NA,NA,NA,NA,NA,NA,NA,NA,NA,NA,NA,NA,NA,NA,NA,NA,NA,NA,NA,NA,NA,NA,NA,NA,NA,NA,NA,NA,NA,NA,NA,NA,NA,NA,NA,NA,NA,NA,NA,NA,NA,NA,NA,NA,NA,NA,NA,NA,NA,NA,NA,NA,NA,NA,NA,NA,NA,NA,NA,NA,NA,NA,NA,NA,480,260,124800
L1,T11,SF,Z10,Cabin,Hanging Lights,Lighting,L1_T11_SF_Z10_H139,FALSE,25,250,100,50,12,0,0,2,0.8,Euclase,EP101,55,2026,https://drive.google.com/file/d/1KLDQIqGbxwSIGxYGy1JDXW85UE4VeUDy/view?usp=drive_link,https://drive.google.com/file/d/1j9Hh2G_mIM_Pbl6AVD0LV4rIeX09W6rX/view?usp=drive_link,https://phantom-load.in/media/images/Task11/ProductImage1/,https://phantom-load.in/media/images/Task11/ProductImage2/,NA,2800,112,4000,90,NA,NA,NA,NA,NA,NA,NA,NA,NA,NA,NA,NA,NA,NA,NA,NA,NA,NA,NA,NA,NA,NA,NA,NA,NA,NA,NA,NA,NA,NA,NA,NA,NA,NA,NA,NA,NA,NA,NA,NA,NA,NA,NA,NA,NA,NA,NA,NA,NA,NA,NA,NA,NA,NA,NA,NA,NA,NA,NA,NA,NA,NA,NA,NA,NA,NA,NA,NA,NA,NA,NA,NA,NA,NA,NA,NA,NA,NA,480,260,124800
L1,T11,SF,Z11,Elevator,Hanging lights,Lighting,L1_T11_SF_Z11_H142,FALSE,25,250,100,50,1,0,0,4,1,Euclase,EP101,56,2026,https://drive.google.com/file/d/1KLDQIqGbxwSIGxYGy1JDXW85UE4VeUDy/view?usp=drive_link,https://drive.google.com/file/d/1j9Hh2G_mIM_Pbl6AVD0LV4rIeX09W6rX/view?usp=drive_link,https://phantom-load.in/media/images/Task11/ProductImage1/,https://phantom-load.in/media/images/Task11/ProductImage2/,NA,2800,112,4000,90,NA,NA,NA,NA,NA,NA,NA,NA,NA,NA,NA,NA,NA,NA,NA,NA,NA,NA,NA,NA,NA,NA,NA,NA,NA,NA,NA,NA,NA,NA,NA,NA,NA,NA,NA,NA,NA,NA,NA,NA,NA,NA,NA,NA,NA,NA,NA,NA,NA,NA,NA,NA,NA,NA,NA,NA,NA,NA,NA,NA,NA,NA,NA,NA,NA,NA,NA,NA,NA,NA,NA,NA,NA,NA,NA,NA,NA,NA,100,260,26000
L1,T11,SF,Z11,Stairway,Staircase can lights,Lighting,L1_T11_SF_Z11_H143,FALSE,5,250,100,50,0,0,0,2,1,Euclase,EC101,57,2026,https://drive.google.com/file/d/1KLDQIqGbxwSIGxYGy1JDXW85UE4VeUDy/view?usp=drive_link,https://drive.google.com/file/d/1j9Hh2G_mIM_Pbl6AVD0LV4rIeX09W6rX/view?usp=drive_link,https://phantom-load.in/media/images/Task11/ProductImage1/,https://phantom-load.in/media/images/Task11/ProductImage2/,NA,2800,112,4000,90,NA,NA,NA,NA,NA,NA,NA,NA,NA,NA,NA,NA,NA,NA,NA,NA,NA,NA,NA,NA,NA,NA,NA,NA,NA,NA,NA,NA,NA,NA,NA,NA,NA,NA,NA,NA,NA,NA,NA,NA,NA,NA,NA,NA,NA,NA,NA,NA,NA,NA,NA,NA,NA,NA,NA,NA,NA,NA,NA,NA,NA,NA,NA,NA,NA,NA,NA,NA,NA,NA,NA,NA,NA,NA,NA,NA,NA,NA,100,260,26000
L1,T11,SF,Z12,Cabin,Hanging Lights,Lighting,L1_T11_SF_Z12_H144,FALSE,25,250,100,50,12,0,0,2,0.8,Euclase,EP101,58,2026,https://drive.google.com/file/d/1KLDQIqGbxwSIGxYGy1JDXW85UE4VeUDy/view?usp=drive_link,https://drive.google.com/file/d/1j9Hh2G_mIM_Pbl6AVD0LV4rIeX09W6rX/view?usp=drive_link,https://phantom-load.in/media/images/Task11/ProductImage1/,https://phantom-load.in/media/images/Task11/ProductImage2/,NA,2800,112,4000,90,NA,NA,NA,NA,NA,NA,NA,NA,NA,NA,NA,NA,NA,NA,NA,NA,NA,NA,NA,NA,NA,NA,NA,NA,NA,NA,NA,NA,NA,NA,NA,NA,NA,NA,NA,NA,NA,NA,NA,NA,NA,NA,NA,NA,NA,NA,NA,NA,NA,NA,NA,NA,NA,NA,NA,NA,NA,NA,NA,NA,NA,NA,NA,NA,NA,NA,NA,NA,NA,NA,NA,NA,NA,NA,NA,NA,NA,NA,480,260,124800
L1,T11,SF,Z13,Cabin,Hanging Lights,Lighting,L1_T11_SF_Z13_H147,FALSE,25,250,100,50,12,0,0,2,0.8,Euclase,EP101,59,2026,https://drive.google.com/file/d/1KLDQIqGbxwSIGxYGy1JDXW85UE4VeUDy/view?usp=drive_link,https://drive.google.com/file/d/1j9Hh2G_mIM_Pbl6AVD0LV4rIeX09W6rX/view?usp=drive_link,https://phantom-load.in/media/images/Task11/ProductImage1/,https://phantom-load.in/media/images/Task11/ProductImage2/,NA,2800,112,4000,90,NA,NA,NA,NA,NA,NA,NA,NA,NA,NA,NA,NA,NA,NA,NA,NA,NA,NA,NA,NA,NA,NA,NA,NA,NA,NA,NA,NA,NA,NA,NA,NA,NA,NA,NA,NA,NA,NA,NA,NA,NA,NA,NA,NA,NA,NA,NA,NA,NA,NA,NA,NA,NA,NA,NA,NA,NA,NA,NA,NA,NA,NA,NA,NA,NA,NA,NA,NA,NA,NA,NA,NA,NA,NA,NA,NA,NA,NA,480,260,124800
L1,T11,SF,Z14,Cabin,Hanging Lights,Lighting,L1_T11_SF_Z14_H150,FALSE,25,250,100,50,12,0,0,2,0.8,Euclase,EP101,60,2026,https://drive.google.com/file/d/1KLDQIqGbxwSIGxYGy1JDXW85UE4VeUDy/view?usp=drive_link,https://drive.google.com/file/d/1j9Hh2G_mIM_Pbl6AVD0LV4rIeX09W6rX/view?usp=drive_link,https://phantom-load.in/media/images/Task11/ProductImage1/,https://phantom-load.in/media/images/Task11/ProductImage2/,NA,2800,112,4000,90,NA,NA,NA,NA,NA,NA,NA,NA,NA,NA,NA,NA,NA,NA,NA,NA,NA,NA,NA,NA,NA,NA,NA,NA,NA,NA,NA,NA,NA,NA,NA,NA,NA,NA,NA,NA,NA,NA,NA,NA,NA,NA,NA,NA,NA,NA,NA,NA,NA,NA,NA,NA,NA,NA,NA,NA,NA,NA,NA,NA,NA,NA,NA,NA,NA,NA,NA,NA,NA,NA,NA,NA,NA,NA,NA,NA,NA,NA,480,260,124800
L1,T11,SF,Z15,Corridor,Hanging lights,Lighting,L1_T11_SF_Z15_H153,FALSE,25,250,100,50,18,0,0,4,0.7,Euclase,EP101,61,2026,https://drive.google.com/file/d/1KLDQIqGbxwSIGxYGy1JDXW85UE4VeUDy/view?usp=drive_link,https://drive.google.com/file/d/1j9Hh2G_mIM_Pbl6AVD0LV4rIeX09W6rX/view?usp=drive_link,https://phantom-load.in/media/images/Task11/ProductImage1/,https://phantom-load.in/media/images/Task11/ProductImage2/,NA,2800,112,4000,90,NA,NA,NA,NA,NA,NA,NA,NA,NA,NA,NA,NA,NA,NA,NA,NA,NA,NA,NA,NA,NA,NA,NA,NA,NA,NA,NA,NA,NA,NA,NA,NA,NA,NA,NA,NA,NA,NA,NA,NA,NA,NA,NA,NA,NA,NA,NA,NA,NA,NA,NA,NA,NA,NA,NA,NA,NA,NA,NA,NA,NA,NA,NA,NA,NA,NA,NA,NA,NA,NA,NA,NA,NA,NA,NA,NA,NA,NA,1260,260,327600
L1,T11,SF,Z16,Meeting room 3,Hanging lights,Lighting,L1_T11_SF_Z16_H154,FALSE,25,250,100,50,3,0,0,4,0.7,Euclase,EP101,62,2026,https://drive.google.com/file/d/1KLDQIqGbxwSIGxYGy1JDXW85UE4VeUDy/view?usp=drive_link,https://drive.google.com/file/d/1j9Hh2G_mIM_Pbl6AVD0LV4rIeX09W6rX/view?usp=drive_link,https://phantom-load.in/media/images/Task11/ProductImage1/,https://phantom-load.in/media/images/Task11/ProductImage2/,NA,2800,112,4000,90,NA,NA,NA,NA,NA,NA,NA,NA,NA,NA,NA,NA,NA,NA,NA,NA,NA,NA,NA,NA,NA,NA,NA,NA,NA,NA,NA,NA,NA,NA,NA,NA,NA,NA,NA,NA,NA,NA,NA,NA,NA,NA,NA,NA,NA,NA,NA,NA,NA,NA,NA,NA,NA,NA,NA,NA,NA,NA,NA,NA,NA,NA,NA,NA,NA,NA,NA,NA,NA,NA,NA,NA,NA,NA,NA,NA,NA,NA,210,260,54600
L1,T11,SF,Z17,Cabin,Hanging Lights,Lighting,L1_T11_SF_Z17_H157,FALSE,25,250,100,50,12,0,0,2,0.8,Euclase,EP101,63,2026,https://drive.google.com/file/d/1KLDQIqGbxwSIGxYGy1JDXW85UE4VeUDy/view?usp=drive_link,https://drive.google.com/file/d/1j9Hh2G_mIM_Pbl6AVD0LV4rIeX09W6rX/view?usp=drive_link,https://phantom-load.in/media/images/Task11/ProductImage1/,https://phantom-load.in/media/images/Task11/ProductImage2/,NA,2800,112,4000,90,NA,NA,NA,NA,NA,NA,NA,NA,NA,NA,NA,NA,NA,NA,NA,NA,NA,NA,NA,NA,NA,NA,NA,NA,NA,NA,NA,NA,NA,NA,NA,NA,NA,NA,NA,NA,NA,NA,NA,NA,NA,NA,NA,NA,NA,NA,NA,NA,NA,NA,NA,NA,NA,NA,NA,NA,NA,NA,NA,NA,NA,NA,NA,NA,NA,NA,NA,NA,NA,NA,NA,NA,NA,NA,NA,NA,NA,NA,480,260,124800
L1,T11,SF,Z18,Cabin,Hanging Lights,Lighting,L1_T11_SF_Z18_H160,FALSE,25,250,100,50,12,0,0,2,0.8,Euclase,EP101,64,2026,https://drive.google.com/file/d/1KLDQIqGbxwSIGxYGy1JDXW85UE4VeUDy/view?usp=drive_link,https://drive.google.com/file/d/1j9Hh2G_mIM_Pbl6AVD0LV4rIeX09W6rX/view?usp=drive_link,https://phantom-load.in/media/images/Task11/ProductImage1/,https://phantom-load.in/media/images/Task11/ProductImage2/,NA,2800,112,4000,90,NA,NA,NA,NA,NA,NA,NA,NA,NA,NA,NA,NA,NA,NA,NA,NA,NA,NA,NA,NA,NA,NA,NA,NA,NA,NA,NA,NA,NA,NA,NA,NA,NA,NA,NA,NA,NA,NA,NA,NA,NA,NA,NA,NA,NA,NA,NA,NA,NA,NA,NA,NA,NA,NA,NA,NA,NA,NA,NA,NA,NA,NA,NA,NA,NA,NA,NA,NA,NA,NA,NA,NA,NA,NA,NA,NA,NA,NA,480,260,124800
L1,T11,SF,Z19,Cabin,Hanging Lights,Lighting,L1_T11_SF_Z19_H163,FALSE,25,250,100,50,12,0,0,2,0.8,Euclase,EP101,65,2026,https://drive.google.com/file/d/1KLDQIqGbxwSIGxYGy1JDXW85UE4VeUDy/view?usp=drive_link,https://drive.google.com/file/d/1j9Hh2G_mIM_Pbl6AVD0LV4rIeX09W6rX/view?usp=drive_link,https://phantom-load.in/media/images/Task11/ProductImage1/,https://phantom-load.in/media/images/Task11/ProductImage2/,NA,2800,112,4000,90,NA,NA,NA,NA,NA,NA,NA,NA,NA,NA,NA,NA,NA,NA,NA,NA,NA,NA,NA,NA,NA,NA,NA,NA,NA,NA,NA,NA,NA,NA,NA,NA,NA,NA,NA,NA,NA,NA,NA,NA,NA,NA,NA,NA,NA,NA,NA,NA,NA,NA,NA,NA,NA,NA,NA,NA,NA,NA,NA,NA,NA,NA,NA,NA,NA,NA,NA,NA,NA,NA,NA,NA,NA,NA,NA,NA,NA,NA,480,260,124800
L1,T11,SF,Z20,Cabin,Hanging Lights,Lighting,L1_T11_SF_Z20_H166,FALSE,25,250,100,50,12,0,0,2,0.8,Euclase,EP101,66,2026,https://drive.google.com/file/d/1KLDQIqGbxwSIGxYGy1JDXW85UE4VeUDy/view?usp=drive_link,https://drive.google.com/file/d/1j9Hh2G_mIM_Pbl6AVD0LV4rIeX09W6rX/view?usp=drive_link,https://phantom-load.in/media/images/Task11/ProductImage1/,https://phantom-load.in/media/images/Task11/ProductImage2/,NA,2800,112,4000,90,NA,NA,NA,NA,NA,NA,NA,NA,NA,NA,NA,NA,NA,NA,NA,NA,NA,NA,NA,NA,NA,NA,NA,NA,NA,NA,NA,NA,NA,NA,NA,NA,NA,NA,NA,NA,NA,NA,NA,NA,NA,NA,NA,NA,NA,NA,NA,NA,NA,NA,NA,NA,NA,NA,NA,NA,NA,NA,NA,NA,NA,NA,NA,NA,NA,NA,NA,NA,NA,NA,NA,NA,NA,NA,NA,NA,NA,NA,480,260,124800
L1,T11,SF,Z21,Cabin,Hanging Lights,Lighting,L1_T11_SF_Z21_H169,FALSE,25,250,100,50,12,0,0,2,0.8,Euclase,EP101,67,2026,https://drive.google.com/file/d/1KLDQIqGbxwSIGxYGy1JDXW85UE4VeUDy/view?usp=drive_link,https://drive.google.com/file/d/1j9Hh2G_mIM_Pbl6AVD0LV4rIeX09W6rX/view?usp=drive_link,https://phantom-load.in/media/images/Task11/ProductImage1/,https://phantom-load.in/media/images/Task11/ProductImage2/,NA,2800,112,4000,90,NA,NA,NA,NA,NA,NA,NA,NA,NA,NA,NA,NA,NA,NA,NA,NA,NA,NA,NA,NA,NA,NA,NA,NA,NA,NA,NA,NA,NA,NA,NA,NA,NA,NA,NA,NA,NA,NA,NA,NA,NA,NA,NA,NA,NA,NA,NA,NA,NA,NA,NA,NA,NA,NA,NA,NA,NA,NA,NA,NA,NA,NA,NA,NA,NA,NA,NA,NA,NA,NA,NA,NA,NA,NA,NA,NA,NA,NA,480,260,124800
L1,T11,SF,Z22,Cabin,Hanging Lights,Lighting,L1_T11_SF_Z22_H172,FALSE,25,250,100,50,12,0,0,2,0.8,Euclase,EP101,68,2026,https://drive.google.com/file/d/1KLDQIqGbxwSIGxYGy1JDXW85UE4VeUDy/view?usp=drive_link,https://drive.google.com/file/d/1j9Hh2G_mIM_Pbl6AVD0LV4rIeX09W6rX/view?usp=drive_link,https://phantom-load.in/media/images/Task11/ProductImage1/,https://phantom-load.in/media/images/Task11/ProductImage2/,NA,2800,112,4000,90,NA,NA,NA,NA,NA,NA,NA,NA,NA,NA,NA,NA,NA,NA,NA,NA,NA,NA,NA,NA,NA,NA,NA,NA,NA,NA,NA,NA,NA,NA,NA,NA,NA,NA,NA,NA,NA,NA,NA,NA,NA,NA,NA,NA,NA,NA,NA,NA,NA,NA,NA,NA,NA,NA,NA,NA,NA,NA,NA,NA,NA,NA,NA,NA,NA,NA,NA,NA,NA,NA,NA,NA,NA,NA,NA,NA,NA,NA,480,260,124800
L1,T11,SF,Z23 ,Open-plan office,Hanging Lights,Lighting,L1_T11_SF_Z23_H175,FALSE,25,250,100,50,16,0,0,24,0.7,Euclase,EP101,69,2026,https://drive.google.com/file/d/1KLDQIqGbxwSIGxYGy1JDXW85UE4VeUDy/view?usp=drive_link,https://drive.google.com/file/d/1j9Hh2G_mIM_Pbl6AVD0LV4rIeX09W6rX/view?usp=drive_link,https://phantom-load.in/media/images/Task11/ProductImage1/,https://phantom-load.in/media/images/Task11/ProductImage2/,NA,2800,112,4000,90,NA,NA,NA,NA,NA,NA,NA,NA,NA,NA,NA,NA,NA,NA,NA,NA,NA,NA,NA,NA,NA,NA,NA,NA,NA,NA,NA,NA,NA,NA,NA,NA,NA,NA,NA,NA,NA,NA,NA,NA,NA,NA,NA,NA,NA,NA,NA,NA,NA,NA,NA,NA,NA,NA,NA,NA,NA,NA,NA,NA,NA,NA,NA,NA,NA,NA,NA,NA,NA,NA,NA,NA,NA,NA,NA,NA,NA,NA,6720,260,1747200
L1,T11,SF,Z25 ,Open-plan office,Hanging Lights,Lighting,L1_T11_SF_Z25_H178,TRUE,25,250,100,50,16,0,0,20,0.7,Euclase,EP101,70,2026,https://drive.google.com/file/d/1KLDQIqGbxwSIGxYGy1JDXW85UE4VeUDy/view?usp=drive_link,https://drive.google.com/file/d/1j9Hh2G_mIM_Pbl6AVD0LV4rIeX09W6rX/view?usp=drive_link,https://phantom-load.in/media/images/Task11/ProductImage1/,https://phantom-load.in/media/images/Task11/ProductImage2/,NA,2800,112,4000,90,NA,NA,NA,NA,NA,NA,NA,NA,NA,NA,NA,NA,NA,NA,NA,NA,NA,NA,NA,NA,NA,NA,NA,NA,NA,NA,NA,NA,NA,NA,NA,NA,NA,NA,NA,NA,NA,NA,NA,NA,NA,NA,NA,NA,NA,NA,NA,NA,NA,NA,NA,NA,NA,NA,NA,NA,NA,NA,NA,NA,NA,NA,NA,NA,NA,NA,NA,NA,NA,NA,NA,NA,NA,NA,NA,NA,NA,NA,5600,260,1456000
L1,T11,SF,Z27,Female toilet,Hanging Lights,Lighting,L1_T11_SF_Z27_H181,TRUE,25,250,100,50,8,0,0,2,0.7,Euclase,EP101,71,2026,https://drive.google.com/file/d/1KLDQIqGbxwSIGxYGy1JDXW85UE4VeUDy/view?usp=drive_link,https://drive.google.com/file/d/1j9Hh2G_mIM_Pbl6AVD0LV4rIeX09W6rX/view?usp=drive_link,https://phantom-load.in/media/images/Task11/ProductImage1/,https://phantom-load.in/media/images/Task11/ProductImage2/,NA,2800,112,4000,90,NA,NA,NA,NA,NA,NA,NA,NA,NA,NA,NA,NA,NA,NA,NA,NA,NA,NA,NA,NA,NA,NA,NA,NA,NA,NA,NA,NA,NA,NA,NA,NA,NA,NA,NA,NA,NA,NA,NA,NA,NA,NA,NA,NA,NA,NA,NA,NA,NA,NA,NA,NA,NA,NA,NA,NA,NA,NA,NA,NA,NA,NA,NA,NA,NA,NA,NA,NA,NA,NA,NA,NA,NA,NA,NA,NA,NA,NA,280,260,72800
L1,T11,SF,Z27,Female toilet,Can lights,Lighting,L1_T11_SF_Z27_H182,TRUE,5,250,100,50,8,0,0,4,0.7,Euclase,EC101,72,2026,https://drive.google.com/file/d/1KLDQIqGbxwSIGxYGy1JDXW85UE4VeUDy/view?usp=drive_link,https://drive.google.com/file/d/1j9Hh2G_mIM_Pbl6AVD0LV4rIeX09W6rX/view?usp=drive_link,https://phantom-load.in/media/images/Task11/ProductImage1/,https://phantom-load.in/media/images/Task11/ProductImage2/,NA,2800,112,4000,,NA,NA,NA,NA,NA,NA,NA,NA,NA,NA,NA,NA,NA,NA,NA,NA,NA,NA,NA,NA,NA,NA,NA,NA,NA,NA,NA,NA,NA,NA,NA,NA,NA,NA,NA,NA,NA,NA,NA,NA,NA,NA,NA,NA,NA,NA,NA,NA,NA,NA,NA,NA,NA,NA,NA,NA,NA,NA,NA,NA,NA,NA,NA,NA,NA,NA,NA,NA,NA,NA,NA,NA,NA,NA,NA,NA,NA,NA,112,260,29120
L1,T11,TR,Z03,Stairway,Can lights,Lighting,L1_T11_TR_Z03_H187,FALSE,5,250,100,50,0,0,0,2,0.7,Euclase,EC101,73,2026,https://drive.google.com/file/d/1KLDQIqGbxwSIGxYGy1JDXW85UE4VeUDy/view?usp=drive_link,https://drive.google.com/file/d/1j9Hh2G_mIM_Pbl6AVD0LV4rIeX09W6rX/view?usp=drive_link,https://phantom-load.in/media/images/Task11/ProductImage1/,https://phantom-load.in/media/images/Task11/ProductImage2/,NA,2800,112,4000,90,NA,NA,NA,NA,NA,NA,NA,NA,NA,NA,NA,NA,NA,NA,NA,NA,NA,NA,NA,NA,NA,NA,NA,NA,NA,NA,NA,NA,NA,NA,NA,NA,NA,NA,NA,NA,NA,NA,NA,NA,NA,NA,NA,NA,NA,NA,NA,NA,NA,NA,NA,NA,NA,NA,NA,NA,NA,NA,NA,NA,NA,NA,NA,NA,NA,NA,NA,NA,NA,NA,NA,NA,NA,NA,NA,NA,NA,NA,0,260,0
L1,T11,EX,Z02,Chiller plant,Hanging lights,Lighting,L1_T11_EX_Z02_H191,FALSE,25,250,100,50,10,0,0,6,1,Euclase,EP101,74,2026,https://drive.google.com/file/d/1KLDQIqGbxwSIGxYGy1JDXW85UE4VeUDy/view?usp=drive_link,https://drive.google.com/file/d/1j9Hh2G_mIM_Pbl6AVD0LV4rIeX09W6rX/view?usp=drive_link,https://phantom-load.in/media/images/Task11/ProductImage1/,https://phantom-load.in/media/images/Task11/ProductImage2/,NA,2800,112,4000,90,NA,NA,NA,NA,NA,NA,NA,NA,NA,NA,NA,NA,NA,NA,NA,NA,NA,NA,NA,NA,NA,NA,NA,NA,NA,NA,NA,NA,NA,NA,NA,NA,NA,NA,NA,NA,NA,NA,NA,NA,NA,NA,NA,NA,NA,NA,NA,NA,NA,NA,NA,NA,NA,NA,NA,NA,NA,NA,NA,NA,NA,NA,NA,NA,NA,NA,NA,NA,NA,NA,NA,NA,NA,NA,NA,NA,NA,NA,1500,260,390000
L1,T11,EX,Z03,Cooling tower,Ceiling lights,Lighting,L1_T11_EX_Z03_H192,FALSE,10,250,100,50,10,0,0,2,1,Euclase,ES101,75,2026,https://drive.google.com/file/d/1KLDQIqGbxwSIGxYGy1JDXW85UE4VeUDy/view?usp=drive_link,https://drive.google.com/file/d/1j9Hh2G_mIM_Pbl6AVD0LV4rIeX09W6rX/view?usp=drive_link,https://phantom-load.in/media/images/Task11/ProductImage1/,https://phantom-load.in/media/images/Task11/ProductImage2/,NA,2800,112,4000,90,NA,NA,NA,NA,NA,NA,NA,NA,NA,NA,NA,NA,NA,NA,NA,NA,NA,NA,NA,NA,NA,NA,NA,NA,NA,NA,NA,NA,NA,NA,NA,NA,NA,NA,NA,NA,NA,NA,NA,NA,NA,NA,NA,NA,NA,NA,NA,NA,NA,NA,NA,NA,NA,NA,NA,NA,NA,NA,NA,NA,NA,NA,NA,NA,NA,NA,NA,NA,NA,NA,NA,NA,NA,NA,NA,NA,NA,NA,200,260,52000
L1,T11,EX,Z01,Site entry,Security_Can Light,Lighting,L1_T11_EX_Z01_H193,FALSE,5,250,100,50,15,0,0,1,0.7,Euclase,EC101,76,2026,https://drive.google.com/file/d/1KLDQIqGbxwSIGxYGy1JDXW85UE4VeUDy/view?usp=drive_link,https://drive.google.com/file/d/1j9Hh2G_mIM_Pbl6AVD0LV4rIeX09W6rX/view?usp=drive_link,https://phantom-load.in/media/images/Task11/ProductImage1/,https://phantom-load.in/media/images/Task11/ProductImage2/,NA,2800,112,4000,90,NA,NA,NA,NA,NA,NA,NA,NA,NA,NA,NA,NA,NA,NA,NA,NA,NA,NA,NA,NA,NA,NA,NA,NA,NA,NA,NA,NA,NA,NA,NA,NA,NA,NA,NA,NA,NA,NA,NA,NA,NA,NA,NA,NA,NA,NA,NA,NA,NA,NA,NA,NA,NA,NA,NA,NA,NA,NA,NA,NA,NA,NA,NA,NA,NA,NA,NA,NA,NA,NA,NA,NA,NA,NA,NA,NA,NA,NA,52.5,260,13650
L1,T11,EX,Z01,Site entry,Security_Can Light,Lighting,L1_T11_EX_Z01_H194,FALSE,5,250,100,50,15,0,0,1,0.7,Euclase,EC101,77,2026,https://drive.google.com/file/d/1KLDQIqGbxwSIGxYGy1JDXW85UE4VeUDy/view?usp=drive_link,https://drive.google.com/file/d/1j9Hh2G_mIM_Pbl6AVD0LV4rIeX09W6rX/view?usp=drive_link,https://phantom-load.in/media/images/Task11/ProductImage1/,https://phantom-load.in/media/images/Task11/ProductImage2/,NA,2800,112,4000,90,NA,NA,NA,NA,NA,NA,NA,NA,NA,NA,NA,NA,NA,NA,NA,NA,NA,NA,NA,NA,NA,NA,NA,NA,NA,NA,NA,NA,NA,NA,NA,NA,NA,NA,NA,NA,NA,NA,NA,NA,NA,NA,NA,NA,NA,NA,NA,NA,NA,NA,NA,NA,NA,NA,NA,NA,NA,NA,NA,NA,NA,NA,NA,NA,NA,NA,NA,NA,NA,NA,NA,NA,NA,NA,NA,NA,NA,NA,52.5,260,13650
L1,T11,GF,Z11,Storage room,Hanging lights,Lighting,L1_T11_GF_Z11_H203,TRUE,25,250,100,50,0,0,0,0,1,Sunela,SP101,78,2026,https://drive.google.com/file/d/1KLDQIqGbxwSIGxYGy1JDXW85UE4VeUDy/view?usp=drive_link,https://drive.google.com/file/d/1j9Hh2G_mIM_Pbl6AVD0LV4rIeX09W6rX/view?usp=drive_link,https://phantom-load.in/media/images/Task11/ProductImage1/,https://phantom-load.in/media/images/Task11/ProductImage2/,NA,2800,112,4000,90,NA,NA,NA,NA,NA,NA,NA,NA,NA,NA,NA,NA,NA,NA,NA,NA,NA,NA,NA,NA,NA,NA,NA,NA,NA,NA,NA,NA,NA,NA,NA,NA,NA,NA,NA,NA,NA,NA,NA,NA,NA,NA,NA,NA,NA,NA,NA,NA,NA,NA,NA,NA,NA,NA,NA,NA,NA,NA,NA,NA,NA,NA,NA,NA,NA,NA,NA,NA,NA,NA,NA,NA,NA,NA,NA,NA,NA,NA,200,260,52000
L1,T11,GF,Z11,Storage room,Can lights,Lighting,L1_T11_GF_Z11_H204,TRUE,5,250,100,50,0,0,0,0,1,Sunela,SC101,79,2026,https://drive.google.com/file/d/1KLDQIqGbxwSIGxYGy1JDXW85UE4VeUDy/view?usp=drive_link,https://drive.google.com/file/d/1j9Hh2G_mIM_Pbl6AVD0LV4rIeX09W6rX/view?usp=drive_link,https://phantom-load.in/media/images/Task11/ProductImage1/,https://phantom-load.in/media/images/Task11/ProductImage2/,NA,2800,112,4000,90,NA,NA,NA,NA,NA,NA,NA,NA,NA,NA,NA,NA,NA,NA,NA,NA,NA,NA,NA,NA,NA,NA,NA,NA,NA,NA,NA,NA,NA,NA,NA,NA,NA,NA,NA,NA,NA,NA,NA,NA,NA,NA,NA,NA,NA,NA,NA,NA,NA,NA,NA,NA,NA,NA,NA,NA,NA,NA,NA,NA,NA,NA,NA,NA,NA,NA,NA,NA,NA,NA,NA,NA,NA,NA,NA,NA,NA,NA,17.5,260,4550
L1,T11,GF,Z11,Storage room,Recessed ceiling panel lights,Lighting,L1_T11_GF_Z11_H205,TRUE,23,250,100,50,0,0,0,0,1,Sunela,SS101,80,2026,https://drive.google.com/file/d/1KLDQIqGbxwSIGxYGy1JDXW85UE4VeUDy/view?usp=drive_link,https://drive.google.com/file/d/1j9Hh2G_mIM_Pbl6AVD0LV4rIeX09W6rX/view?usp=drive_link,https://phantom-load.in/media/images/Task11/ProductImage1/,https://phantom-load.in/media/images/Task11/ProductImage2/,NA,2800,112,4000,90,NA,NA,NA,NA,NA,NA,NA,NA,NA,NA,NA,NA,NA,NA,NA,NA,NA,NA,NA,NA,NA,NA,NA,NA,NA,NA,NA,NA,NA,NA,NA,NA,NA,NA,NA,NA,NA,NA,NA,NA,NA,NA,NA,NA,NA,NA,NA,NA,NA,NA,NA,NA,NA,NA,NA,NA,NA,NA,NA,NA,NA,NA,NA,NA,NA,NA,NA,NA,NA,NA,NA,NA,NA,NA,NA,NA,NA,NA,17.5,260,4550
L1,T11,GF,Z11,Storage room,Hanging Lights,Lighting,L1_T11_GF_Z11_H206,TRUE,25,250,100,50,0,0,0,0,1,Pushyrag,PP101,81,2026,https://drive.google.com/file/d/1KLDQIqGbxwSIGxYGy1JDXW85UE4VeUDy/view?usp=drive_link,https://drive.google.com/file/d/1j9Hh2G_mIM_Pbl6AVD0LV4rIeX09W6rX/view?usp=drive_link,https://phantom-load.in/media/images/Task11/ProductImage1/,https://phantom-load.in/media/images/Task11/ProductImage2/,NA,2800,112,4000,90,NA,NA,NA,NA,NA,NA,NA,NA,NA,NA,NA,NA,NA,NA,NA,NA,NA,NA,NA,NA,NA,NA,NA,NA,NA,NA,NA,NA,NA,NA,NA,NA,NA,NA,NA,NA,NA,NA,NA,NA,NA,NA,NA,NA,NA,NA,NA,NA,NA,NA,NA,NA,NA,NA,NA,NA,NA,NA,NA,NA,NA,NA,NA,NA,NA,NA,NA,NA,NA,NA,NA,NA,NA,NA,NA,NA,NA,NA,480,260,124800
L1,T11,GF,Z11,Storage room,Can lights,Lighting,L1_T11_GF_Z11_H207,TRUE,5,250,100,50,0,0,0,0,1,Pushyrag,PC101,82,2026,https://drive.google.com/file/d/1KLDQIqGbxwSIGxYGy1JDXW85UE4VeUDy/view?usp=drive_link,https://drive.google.com/file/d/1j9Hh2G_mIM_Pbl6AVD0LV4rIeX09W6rX/view?usp=drive_link,https://phantom-load.in/media/images/Task11/ProductImage1/,https://phantom-load.in/media/images/Task11/ProductImage2/,NA,2800,112,4000,90,NA,NA,NA,NA,NA,NA,NA,NA,NA,NA,NA,NA,NA,NA,NA,NA,NA,NA,NA,NA,NA,NA,NA,NA,NA,NA,NA,NA,NA,NA,NA,NA,NA,NA,NA,NA,NA,NA,NA,NA,NA,NA,NA,NA,NA,NA,NA,NA,NA,NA,NA,NA,NA,NA,NA,NA,NA,NA,NA,NA,NA,NA,NA,NA,NA,NA,NA,NA,NA,NA,NA,NA,NA,NA,NA,NA,NA,NA,480,260,124800
L1,T11,GF,Z11,Storage room,Can lights,Lighting,L1_T11_GF_Z11_H208,TRUE,23,250,100,50,0,0,0,0,1,Pushyrag,PS101,83,2026,https://drive.google.com/file/d/1KLDQIqGbxwSIGxYGy1JDXW85UE4VeUDy/view?usp=drive_link,https://drive.google.com/file/d/1j9Hh2G_mIM_Pbl6AVD0LV4rIeX09W6rX/view?usp=drive_link,https://phantom-load.in/media/images/Task11/ProductImage1/,https://phantom-load.in/media/images/Task11/ProductImage2/,NA,2800,112,4000,90,NA,NA,NA,NA,NA,NA,NA,NA,NA,NA,NA,NA,NA,NA,NA,NA,NA,NA,NA,NA,NA,NA,NA,NA,NA,NA,NA,NA,NA,NA,NA,NA,NA,NA,NA,NA,NA,NA,NA,NA,NA,NA,NA,NA,NA,NA,NA,NA,NA,NA,NA,NA,NA,NA,NA,NA,NA,NA,NA,NA,NA,NA,NA,NA,NA,NA,NA,NA,NA,NA,NA,NA,NA,NA,NA,NA,NA,NA,480,260,124800
L1,T11,GF,Z11,Storage room,Hanging Lights,Lighting,L1_T11_GF_Z11_H209,TRUE,25,250,100,50,0,0,0,0,1,Jamunia,JP101,84,2026,https://drive.google.com/file/d/1KLDQIqGbxwSIGxYGy1JDXW85UE4VeUDy/view?usp=drive_link,https://drive.google.com/file/d/1j9Hh2G_mIM_Pbl6AVD0LV4rIeX09W6rX/view?usp=drive_link,https://phantom-load.in/media/images/Task11/ProductImage1/,https://phantom-load.in/media/images/Task11/ProductImage2/,NA,2800,112,4000,90,NA,NA,NA,NA,NA,NA,NA,NA,NA,NA,NA,NA,NA,NA,NA,NA,NA,NA,NA,NA,NA,NA,NA,NA,NA,NA,NA,NA,NA,NA,NA,NA,NA,NA,NA,NA,NA,NA,NA,NA,NA,NA,NA,NA,NA,NA,NA,NA,NA,NA,NA,NA,NA,NA,NA,NA,NA,NA,NA,NA,NA,NA,NA,NA,NA,NA,NA,NA,NA,NA,NA,NA,NA,NA,NA,NA,NA,NA,480,260,124800
L1,T11,GF,Z11,Storage room,Can lights,Lighting,L1_T11_GF_Z11_H210,TRUE,5,250,100,50,0,0,0,0,1,Jamunia,JC101,85,2026,https://drive.google.com/file/d/1KLDQIqGbxwSIGxYGy1JDXW85UE4VeUDy/view?usp=drive_link,https://drive.google.com/file/d/1j9Hh2G_mIM_Pbl6AVD0LV4rIeX09W6rX/view?usp=drive_link,https://phantom-load.in/media/images/Task11/ProductImage1/,https://phantom-load.in/media/images/Task11/ProductImage2/,NA,2800,112,4000,90,NA,NA,NA,NA,NA,NA,NA,NA,NA,NA,NA,NA,NA,NA,NA,NA,NA,NA,NA,NA,NA,NA,NA,NA,NA,NA,NA,NA,NA,NA,NA,NA,NA,NA,NA,NA,NA,NA,NA,NA,NA,NA,NA,NA,NA,NA,NA,NA,NA,NA,NA,NA,NA,NA,NA,NA,NA,NA,NA,NA,NA,NA,NA,NA,NA,NA,NA,NA,NA,NA,NA,NA,NA,NA,NA,NA,NA,NA,480,260,124800
L1,T11,GF,Z11,Storage room,Recessed ceiling panel lights,Lighting,L1_T11_GF_Z11_H211,TRUE,23,250,100,50,0,0,0,0,1,Jamunia,JS101,86,2026,https://drive.google.com/file/d/1KLDQIqGbxwSIGxYGy1JDXW85UE4VeUDy/view?usp=drive_link,https://drive.google.com/file/d/1j9Hh2G_mIM_Pbl6AVD0LV4rIeX09W6rX/view?usp=drive_link,https://phantom-load.in/media/images/Task11/ProductImage1/,https://phantom-load.in/media/images/Task11/ProductImage2/,NA,2800,112,4000,90,NA,NA,NA,NA,NA,NA,NA,NA,NA,NA,NA,NA,NA,NA,NA,NA,NA,NA,NA,NA,NA,NA,NA,NA,NA,NA,NA,NA,NA,NA,NA,NA,NA,NA,NA,NA,NA,NA,NA,NA,NA,NA,NA,NA,NA,NA,NA,NA,NA,NA,NA,NA,NA,NA,NA,NA,NA,NA,NA,NA,NA,NA,NA,NA,NA,NA,NA,NA,NA,NA,NA,NA,NA,NA,NA,NA,NA,NA,480,260,124800
L1,T11,GF,Z11,Storage room,Hanging Lights,Lighting,L1_T11_GF_Z11_Hxxx,FALSE,25,250,100,50,0,0,0,0,1,Lajward,LP101,87,2026,https://drive.google.com/file/d/1KLDQIqGbxwSIGxYGy1JDXW85UE4VeUDy/view?usp=drive_link,https://drive.google.com/file/d/1j9Hh2G_mIM_Pbl6AVD0LV4rIeX09W6rX/view?usp=drive_link,https://phantom-load.in/media/images/Task11/ProductImage1/,https://phantom-load.in/media/images/Task11/ProductImage2/,NA,2800,112,4000,90,NA,NA,NA,NA,NA,NA,NA,NA,NA,NA,NA,NA,NA,NA,NA,NA,NA,NA,NA,NA,NA,NA,NA,NA,NA,NA,NA,NA,NA,NA,NA,NA,NA,NA,NA,NA,NA,NA,NA,NA,NA,NA,NA,NA,NA,NA,NA,NA,NA,NA,NA,NA,NA,NA,NA,NA,NA,NA,NA,NA,NA,NA,NA,NA,NA,NA,NA,NA,NA,NA,NA,NA,NA,NA,NA,NA,NA,NA,480,260,124800
L1,T11,GF,Z11,Storage room,Can lights,Lighting,L1_T11_GF_Z11_Hxxx,FALSE,5,250,100,50,0,0,0,0,1,Lajward,LC101,88,2026,https://drive.google.com/file/d/1KLDQIqGbxwSIGxYGy1JDXW85UE4VeUDy/view?usp=drive_link,https://drive.google.com/file/d/1j9Hh2G_mIM_Pbl6AVD0LV4rIeX09W6rX/view?usp=drive_link,https://phantom-load.in/media/images/Task11/ProductImage1/,https://phantom-load.in/media/images/Task11/ProductImage2/,NA,2800,112,4000,90,NA,NA,NA,NA,NA,NA,NA,NA,NA,NA,NA,NA,NA,NA,NA,NA,NA,NA,NA,NA,NA,NA,NA,NA,NA,NA,NA,NA,NA,NA,NA,NA,NA,NA,NA,NA,NA,NA,NA,NA,NA,NA,NA,NA,NA,NA,NA,NA,NA,NA,NA,NA,NA,NA,NA,NA,NA,NA,NA,NA,NA,NA,NA,NA,NA,NA,NA,NA,NA,NA,NA,NA,NA,NA,NA,NA,NA,NA,480,260,124800
L1,T11,GF,Z11,Storage room,Recessed ceiling panel lights,Lighting,L1_T11_GF_Z11_Hxxx,FALSE,23,250,100,50,0,0,0,0,1,Lajward,LS101,89,2026,https://drive.google.com/file/d/1KLDQIqGbxwSIGxYGy1JDXW85UE4VeUDy/view?usp=drive_link,https://drive.google.com/file/d/1j9Hh2G_mIM_Pbl6AVD0LV4rIeX09W6rX/view?usp=drive_link,https://phantom-load.in/media/images/Task11/ProductImage1/,https://phantom-load.in/media/images/Task11/ProductImage2/,NA,2800,112,4000,90,NA,NA,NA,NA,NA,NA,NA,NA,NA,NA,NA,NA,NA,NA,NA,NA,NA,NA,NA,NA,NA,NA,NA,NA,NA,NA,NA,NA,NA,NA,NA,NA,NA,NA,NA,NA,NA,NA,NA,NA,NA,NA,NA,NA,NA,NA,NA,NA,NA,NA,NA,NA,NA,NA,NA,NA,NA,NA,NA,NA,NA,NA,NA,NA,NA,NA,NA,NA,NA,NA,NA,NA,NA,NA,NA,NA,NA,NA,480,260,124800
L1,T11,GF,Z11,Storage room,Hanging lights,Lighting,L1_T11_GF_Z11_Hxxx,FALSE,25,250,100,50,0,0,0,0,1,Moonga,MP101,90,2026,https://drive.google.com/file/d/1KLDQIqGbxwSIGxYGy1JDXW85UE4VeUDy/view?usp=drive_link,https://drive.google.com/file/d/1j9Hh2G_mIM_Pbl6AVD0LV4rIeX09W6rX/view?usp=drive_link,https://phantom-load.in/media/images/Task11/ProductImage1/,https://phantom-load.in/media/images/Task11/ProductImage2/,NA,2800,112,4000,90,NA,NA,NA,NA,NA,NA,NA,NA,NA,NA,NA,NA,NA,NA,NA,NA,NA,NA,NA,NA,NA,NA,NA,NA,NA,NA,NA,NA,NA,NA,NA,NA,NA,NA,NA,NA,NA,NA,NA,NA,NA,NA,NA,NA,NA,NA,NA,NA,NA,NA,NA,NA,NA,NA,NA,NA,NA,NA,NA,NA,NA,NA,NA,NA,NA,NA,NA,NA,NA,NA,NA,NA,NA,NA,NA,NA,NA,NA,480,260,124800
L1,T11,GF,Z11,Storage room,Can lights,Lighting,L1_T11_GF_Z11_Hxxx,FALSE,5,250,100,50,0,0,0,0,1,Moonga,MC101,91,2026,https://drive.google.com/file/d/1KLDQIqGbxwSIGxYGy1JDXW85UE4VeUDy/view?usp=drive_link,https://drive.google.com/file/d/1j9Hh2G_mIM_Pbl6AVD0LV4rIeX09W6rX/view?usp=drive_link,https://phantom-load.in/media/images/Task11/ProductImage1/,https://phantom-load.in/media/images/Task11/ProductImage2/,NA,2800,112,4000,90,NA,NA,NA,NA,NA,NA,NA,NA,NA,NA,NA,NA,NA,NA,NA,NA,NA,NA,NA,NA,NA,NA,NA,NA,NA,NA,NA,NA,NA,NA,NA,NA,NA,NA,NA,NA,NA,NA,NA,NA,NA,NA,NA,NA,NA,NA,NA,NA,NA,NA,NA,NA,NA,NA,NA,NA,NA,NA,NA,NA,NA,NA,NA,NA,NA,NA,NA,NA,NA,NA,NA,NA,NA,NA,NA,NA,NA,NA,480,260,124800
L1,T11,GF,Z11,Storage room,Recessed ceiling panel lights,Lighting,L1_T11_GF_Z11_Hxxx,FALSE,23,250,100,50,0,0,0,0,1,Moonga,MS101,92,2026,https://drive.google.com/file/d/1KLDQIqGbxwSIGxYGy1JDXW85UE4VeUDy/view?usp=drive_link,https://drive.google.com/file/d/1j9Hh2G_mIM_Pbl6AVD0LV4rIeX09W6rX/view?usp=drive_link,https://phantom-load.in/media/images/Task11/ProductImage1/,https://phantom-load.in/media/images/Task11/ProductImage2/,NA,2800,112,4000,90,NA,NA,NA,NA,NA,NA,NA,NA,NA,NA,NA,NA,NA,NA,NA,NA,NA,NA,NA,NA,NA,NA,NA,NA,NA,NA,NA,NA,NA,NA,NA,NA,NA,NA,NA,NA,NA,NA,NA,NA,NA,NA,NA,NA,NA,NA,NA,NA,NA,NA,NA,NA,NA,NA,NA,NA,NA,NA,NA,NA,NA,NA,NA,NA,NA,NA,NA,NA,NA,NA,NA,NA,NA,NA,NA,NA,NA,NA,480,260,124800
L1,T11,GF,Z11,Storage room,Hanging lights,Lighting,L1_T11_GF_Z11_Hxxx,FALSE,25,250,100,50,0,0,0,0,1,Gomed,GP101,93,2026,https://drive.google.com/file/d/1KLDQIqGbxwSIGxYGy1JDXW85UE4VeUDy/view?usp=drive_link,https://drive.google.com/file/d/1j9Hh2G_mIM_Pbl6AVD0LV4rIeX09W6rX/view?usp=drive_link,https://phantom-load.in/media/images/Task11/ProductImage1/,https://phantom-load.in/media/images/Task11/ProductImage2/,NA,2800,112,4000,90,NA,NA,NA,NA,NA,NA,NA,NA,NA,NA,NA,NA,NA,NA,NA,NA,NA,NA,NA,NA,NA,NA,NA,NA,NA,NA,NA,NA,NA,NA,NA,NA,NA,NA,NA,NA,NA,NA,NA,NA,NA,NA,NA,NA,NA,NA,NA,NA,NA,NA,NA,NA,NA,NA,NA,NA,NA,NA,NA,NA,NA,NA,NA,NA,NA,NA,NA,NA,NA,NA,NA,NA,NA,NA,NA,NA,NA,NA,480,260,124800
L1,T11,GF,Z11,Storage room,Can lights,Lighting,L1_T11_GF_Z11_Hxxx,FALSE,5,250,100,50,0,0,0,0,1,Gomed,GC101,94,2026,https://drive.google.com/file/d/1KLDQIqGbxwSIGxYGy1JDXW85UE4VeUDy/view?usp=drive_link,https://drive.google.com/file/d/1j9Hh2G_mIM_Pbl6AVD0LV4rIeX09W6rX/view?usp=drive_link,https://phantom-load.in/media/images/Task11/ProductImage1/,https://phantom-load.in/media/images/Task11/ProductImage2/,NA,2800,112,4000,90,NA,NA,NA,NA,NA,NA,NA,NA,NA,NA,NA,NA,NA,NA,NA,NA,NA,NA,NA,NA,NA,NA,NA,NA,NA,NA,NA,NA,NA,NA,NA,NA,NA,NA,NA,NA,NA,NA,NA,NA,NA,NA,NA,NA,NA,NA,NA,NA,NA,NA,NA,NA,NA,NA,NA,NA,NA,NA,NA,NA,NA,NA,NA,NA,NA,NA,NA,NA,NA,NA,NA,NA,NA,NA,NA,NA,NA,NA,480,260,124800
L1,T11,GF,Z11,Storage room,Recessed ceiling panel lights,Lighting,L1_T11_GF_Z11_Hxxx,FALSE,23,250,100,50,0,0,0,0,1,Gomed,GS101,95,2026,https://drive.google.com/file/d/1KLDQIqGbxwSIGxYGy1JDXW85UE4VeUDy/view?usp=drive_link,https://drive.google.com/file/d/1j9Hh2G_mIM_Pbl6AVD0LV4rIeX09W6rX/view?usp=drive_link,https://phantom-load.in/media/images/Task11/ProductImage1/,https://phantom-load.in/media/images/Task11/ProductImage2/,NA,2800,112,4000,90,NA,NA,NA,NA,NA,NA,NA,NA,NA,NA,NA,NA,NA,NA,NA,NA,NA,NA,NA,NA,NA,NA,NA,NA,NA,NA,NA,NA,NA,NA,NA,NA,NA,NA,NA,NA,NA,NA,NA,NA,NA,NA,NA,NA,NA,NA,NA,NA,NA,NA,NA,NA,NA,NA,NA,NA,NA,NA,NA,NA,NA,NA,NA,NA,NA,NA,NA,NA,NA,NA,NA,NA,NA,NA,NA,NA,NA,NA,480,260,124800
L1,T11,GF,Z11,Storage room,Venetian Blinds,Decor,L1_T11_GF_Z11_H202,TRUE,NA,NA,NA,NA,NA,NA,NA,NA,NA,HidenSeek,NA,1,2026,NA,NA,NA,NA,NA,NA,NA,NA,NA,3,2,NA,6,NA,NA,NA,NA,NA,NA,NA,NA,NA,NA,NA,NA,NA,NA,NA,NA,NA,NA,NA,NA,NA,NA,NA,NA,NA,NA,NA,NA,NA,NA,NA,NA,NA,NA,NA,NA,NA,NA,NA,NA,NA,NA,NA,NA,NA,NA,NA,NA,NA,NA,NA,NA,NA,NA,NA,NA,NA,NA,NA,NA,NA,NA,NA,NA,NA,NA,NA,NA,NA,NA,NA,NA,NA,NA,NA,NA,NA
L1,T11,GF,Z11,Storage room,Carpet,Decor,L1_T11_GF_Z11_H201,TRUE,NA,NA,NA,NA,NA,NA,NA,NA,NA,Braides,NA,2,2026,https://drive.google.com/file/d/1LgDxnXjjF-POi-tP0R75xQYBpf8Zpa0H/view?usp=drive_link,NA,NA,NA,https://drive.google.com/file/d/1LgDxnXjjF-POi-tP0R75xQYBpf8Zpa0H/view?usp=drive_link,NA,NA,NA,NA,5,5,NA,25,NA,NA,NA,NA,NA,NA,NA,NA,NA,NA,NA,NA,NA,NA,NA,NA,NA,NA,NA,NA,NA,NA,NA,NA,NA,NA,NA,NA,NA,NA,NA,NA,NA,NA,NA,NA,NA,NA,NA,NA,NA,NA,NA,NA,NA,NA,NA,NA,NA,NA,NA,NA,NA,NA,NA,NA,NA,NA,NA,NA,NA,NA,NA,NA,NA,NA,NA,NA,NA,NA,NA,NA,NA,NA,NA,NA,NA
L1,T11,GF,Z10,Reception ,Carpet,Decor,L1_T11_GF_Z10_H200,TRUE,NA,NA,NA,NA,NA,NA,NA,NA,NA,Braides,NA,1,2026,https://drive.google.com/file/d/1LgDxnXjjF-POi-tP0R75xQYBpf8Zpa0H/view?usp=drive_link,NA,NA,Na,https://drive.google.com/file/d/1LgDxnXjjF-POi-tP0R75xQYBpf8Zpa0H/view?usp=drive_link,NA,NA,NA,NA,5,5,NA,25,NA,NA,NA,NA,NA,NA,NA,NA,NA,NA,NA,NA,NA,NA,NA,NA,NA,NA,NA,NA,NA,NA,NA,NA,NA,NA,NA,NA,NA,NA,NA,NA,NA,NA,NA,NA,NA,NA,NA,NA,NA,NA,NA,NA,NA,NA,NA,NA,NA,NA,NA,NA,NA,NA,NA,NA,NA,NA,NA,NA,NA,NA,NA,NA,NA,NA,NA,NA,NA,NA,NA,NA,NA,NA,NA,NA,NA
